measure_date,year,month,day_name,day_of_week,city_name,vn_aqi,health_implication,dominant_pollutant,is_hazardous,data_quality_status,avg_aqi_owm,avg_pm2_5,max_pm2_5,avg_pm10,max_pm10,avg_co,avg_no2,avg_so2,avg_o3,avg_no,avg_nh3,record_count
2020-11-25,2020,11,Wednesday,4,Ho Chi Minh City,172,Unhealthy,PM2.5,false,Valid,4.83,111.04,236.96,144.7,301.6,2942.25,56.15,61.33,167.37,46.0,16.63,23
2020-11-26,2020,11,Thursday,5,Ho Chi Minh City,178,Unhealthy,PM2.5,false,Valid,4.75,119.33,258.95,153.5,326.15,2786.83,66.8,62.04,91.55,40.35,18.69,24
2020-11-27,2020,11,Friday,6,Ho Chi Minh City,217,Very Unhealthy,PM2.5,true,Valid,4.58,166.9,501.0,209.42,632.6,4193.19,76.1,80.91,75.82,69.76,30.03,24
2020-11-28,2020,11,Saturday,7,Ho Chi Minh City,97,Moderate,PM2.5,false,Valid,3.92,48.55,90.4,57.74,105.68,1267.28,49.24,44.19,77.96,12.22,8.58,24
2020-11-29,2020,11,Sunday,1,Ho Chi Minh City,85,Moderate,PM2.5,false,Valid,4.17,42.54,79.06,50.35,100.79,1092.59,25.71,25.21,48.64,10.37,6.36,24
2020-11-30,2020,11,Monday,2,Ho Chi Minh City,175,Unhealthy,PM2.5,false,Valid,4.67,115.28,245.09,133.61,289.78,2700.05,52.38,61.52,26.46,59.62,13.72,24
2020-12-01,2020,12,Tuesday,3,Ho Chi Minh City,177,Unhealthy,PM2.5,false,Valid,4.83,117.84,292.83,139.58,333.6,2636.35,47.14,59.96,55.08,62.43,12.88,24
2020-12-02,2020,12,Wednesday,4,Ho Chi Minh City,147,Poor,PM2.5,false,Valid,4.08,78.51,222.66,100.39,266.4,1882.28,57.52,65.59,108.72,32.0,13.26,24
2020-12-03,2020,12,Thursday,5,Ho Chi Minh City,70,Moderate,PM2.5,false,Valid,3.88,34.76,71.92,46.53,92.86,843.09,38.34,40.56,138.76,3.75,10.25,24
2020-12-04,2020,12,Friday,6,Ho Chi Minh City,151,Unhealthy,PM2.5,false,Valid,4.58,81.35,232.64,100.95,287.52,1614.97,50.35,43.31,148.77,10.03,13.1,24
2020-12-05,2020,12,Saturday,7,Ho Chi Minh City,80,Moderate,PM2.5,false,Valid,4.21,40.11,65.73,45.99,69.56,719.31,22.66,23.44,160.22,2.79,7.53,24
2020-12-06,2020,12,Sunday,1,Ho Chi Minh City,110,Poor,PM2.5,false,Valid,4.33,55.98,123.71,67.03,151.34,1081.19,43.83,38.38,167.37,3.56,10.9,24
2020-12-07,2020,12,Monday,2,Ho Chi Minh City,43,Good,PM2.5,false,Valid,2.75,21.7,42.44,27.93,51.15,715.14,36.9,40.66,55.08,3.9,8.85,24
2020-12-08,2020,12,Tuesday,3,Ho Chi Minh City,48,Good,PM2.5,false,Valid,3.21,24.11,33.64,29.13,38.64,643.37,28.92,30.83,66.52,0.86,6.19,24
2020-12-09,2020,12,Wednesday,4,Ho Chi Minh City,156,Unhealthy,PM2.5,false,Valid,4.21,87.75,218.99,99.33,244.47,1727.9,78.68,89.32,62.23,25.77,10.27,24
2020-12-10,2020,12,Thursday,5,Ho Chi Minh City,157,Unhealthy,PM2.5,false,Valid,4.75,89.61,168.14,102.5,181.34,1546.26,66.22,64.28,89.41,14.77,11.23,24
2020-12-11,2020,12,Friday,6,Ho Chi Minh City,163,Unhealthy,PM2.5,false,Valid,4.88,97.4,162.86,110.32,177.56,1598.84,64.46,60.76,46.49,12.35,9.28,24
2020-12-12,2020,12,Saturday,7,Ho Chi Minh City,198,Unhealthy,PM2.5,false,Valid,5.0,147.45,271.28,162.24,309.26,2396.03,68.59,53.37,36.12,23.08,11.62,24
2020-12-13,2020,12,Sunday,1,Ho Chi Minh City,189,Unhealthy,PM2.5,false,Valid,5.0,135.09,323.74,152.84,362.36,2118.98,61.11,55.56,54.36,12.99,10.48,24
2020-12-14,2020,12,Monday,2,Ho Chi Minh City,161,Unhealthy,PM2.5,false,Valid,4.92,94.56,171.05,116.48,199.04,1965.44,48.48,62.78,114.44,35.45,11.66,24
2020-12-15,2020,12,Tuesday,3,Ho Chi Minh City,196,Unhealthy,PM2.5,false,Valid,4.92,144.61,303.45,161.63,338.45,2374.89,84.35,67.23,133.04,25.81,11.05,24
2020-12-16,2020,12,Wednesday,4,Ho Chi Minh City,175,Unhealthy,PM2.5,false,Valid,4.75,114.54,326.56,139.24,387.55,2429.4,58.92,59.54,107.29,29.34,13.22,24
2020-12-17,2020,12,Thursday,5,Ho Chi Minh City,143,Poor,PM2.5,false,Valid,4.33,76.21,243.16,96.4,307.08,2188.52,47.41,53.7,91.55,32.94,14.24,24
2020-12-18,2020,12,Friday,6,Ho Chi Minh City,105,Poor,PM2.5,false,Valid,3.79,52.69,151.01,65.72,185.92,1503.15,48.46,55.46,47.21,24.49,11.19,24
2020-12-19,2020,12,Saturday,7,Ho Chi Minh City,34,Good,PM2.5,false,Valid,2.38,17.31,39.07,21.5,50.34,717.92,23.71,25.26,60.8,3.79,5.87,24
2020-12-20,2020,12,Sunday,1,Ho Chi Minh City,25,Good,Ozone,false,Valid,1.46,9.68,12.02,12.43,16.61,484.55,14.94,14.5,80.11,0.82,4.43,24
2020-12-21,2020,12,Monday,2,Ho Chi Minh City,31,Good,Ozone,false,Valid,1.79,13.12,19.35,16.3,23.37,526.41,16.49,16.38,100.14,0.93,4.58,24
2020-12-22,2020,12,Tuesday,3,Ho Chi Minh City,41,Good,PM2.5,false,Valid,2.63,20.53,25.79,24.63,31.14,635.03,22.97,20.21,65.09,0.43,5.72,24
2020-12-23,2020,12,Wednesday,4,Ho Chi Minh City,110,Poor,PM2.5,false,Valid,4.33,55.85,93.63,70.95,118.87,1495.92,45.37,57.55,34.69,31.13,10.41,24
2020-12-24,2020,12,Thursday,5,Ho Chi Minh City,101,Poor,PM2.5,false,Valid,3.92,50.28,139.43,65.31,175.19,1261.16,36.05,44.43,82.97,23.27,9.43,24
2020-12-25,2020,12,Friday,6,Ho Chi Minh City,121,Poor,PM2.5,false,Valid,4.08,62.56,156.67,81.91,194.25,1700.08,44.74,63.86,52.21,38.49,11.92,24
2020-12-26,2020,12,Saturday,7,Ho Chi Minh City,106,Poor,PM2.5,false,Valid,4.25,53.38,98.36,70.38,126.23,1183.27,40.63,41.8,117.3,11.99,9.95,24
2020-12-27,2020,12,Sunday,1,Ho Chi Minh City,134,Poor,PM2.5,false,Valid,5.0,70.47,120.63,86.46,147.97,1193.01,38.75,36.22,108.72,9.92,9.27,24
2020-12-28,2020,12,Monday,2,Ho Chi Minh City,121,Poor,PM2.5,false,Valid,4.63,62.44,110.89,79.86,138.25,1112.07,36.79,37.62,92.98,10.77,10.01,24
2020-12-29,2020,12,Tuesday,3,Ho Chi Minh City,104,Poor,PM2.5,false,Valid,4.42,52.16,80.05,70.01,107.18,1047.53,39.8,41.68,71.53,10.77,10.21,24
2020-12-30,2020,12,Wednesday,4,Ho Chi Minh City,52,Moderate,PM2.5,false,Valid,3.17,26.01,68.26,34.5,90.69,827.79,36.59,36.72,61.51,4.84,6.4,24
2020-12-31,2020,12,Thursday,5,Ho Chi Minh City,36,Good,PM2.5,false,Valid,2.46,18.46,26.54,22.92,30.51,682.04,23.13,25.65,100.14,0.7,5.04,24
2021-01-01,2021,1,Friday,6,Ho Chi Minh City,33,Good,PM2.5,false,Valid,2.29,16.86,24.16,21.5,31.93,570.5,24.97,26.6,91.55,1.13,5.92,24
2021-01-02,2021,1,Saturday,7,Ho Chi Minh City,53,Moderate,PM2.5,false,Valid,3.13,26.34,51.58,32.91,64.58,670.08,33.42,35.77,133.04,1.15,8.18,24
2021-01-03,2021,1,Sunday,1,Ho Chi Minh City,116,Poor,PM2.5,false,Valid,4.54,59.31,99.22,73.51,112.83,1094.54,52.24,60.94,185.97,9.61,13.09,24
2021-01-04,2021,1,Monday,2,Ho Chi Minh City,76,Moderate,PM2.5,false,Valid,3.96,38.02,71.78,48.42,90.36,1003.03,46.33,60.74,92.98,14.81,10.22,24
2021-01-05,2021,1,Tuesday,3,Ho Chi Minh City,91,Moderate,PM2.5,false,Valid,4.13,45.82,80.07,60.9,107.87,1266.72,45.73,58.51,111.58,20.63,12.95,24
2021-01-06,2021,1,Wednesday,4,Ho Chi Minh City,117,Poor,PM2.5,false,Valid,4.79,59.9,124.4,78.64,153.69,1380.21,58.52,79.91,101.57,27.35,14.21,24
2021-01-07,2021,1,Thursday,5,Ho Chi Minh City,119,Poor,PM2.5,false,Valid,4.63,61.2,108.57,82.54,149.69,1361.01,50.65,59.86,185.97,21.49,13.95,24
2021-01-08,2021,1,Friday,6,Ho Chi Minh City,124,Poor,Ozone,false,Valid,3.75,46.76,96.45,58.87,111.18,964.09,43.9,58.73,248.91,9.96,11.3,24
2021-01-09,2021,1,Saturday,7,Ho Chi Minh City,111,Poor,PM2.5,false,Valid,4.58,56.45,104.12,67.63,114.35,1024.45,42.64,49.11,203.13,4.43,11.44,24
2021-01-10,2021,1,Sunday,1,Ho Chi Minh City,111,Poor,PM2.5,false,Valid,4.63,56.26,104.17,69.07,122.39,1042.8,46.94,53.57,141.62,9.74,12.7,24
2021-01-11,2021,1,Monday,2,Ho Chi Minh City,53,Moderate,PM2.5,false,Valid,2.83,26.26,55.48,33.15,66.06,709.02,28.89,36.34,145.91,6.83,8.39,24
2021-01-12,2021,1,Tuesday,3,Ho Chi Minh City,56,Moderate,PM2.5,false,Valid,3.54,27.87,47.21,34.58,60.31,721.81,30.87,33.65,128.75,3.52,9.3,24
2021-01-13,2021,1,Wednesday,4,Ho Chi Minh City,129,Poor,PM2.5,false,Valid,4.67,67.45,132.67,83.59,167.13,1336.26,39.58,36.3,134.47,8.92,16.62,24
2021-01-14,2021,1,Thursday,5,Ho Chi Minh City,120,Poor,PM2.5,false,Valid,4.63,61.72,117.51,85.29,160.03,1127.92,43.31,50.05,117.3,9.87,11.32,24
2021-01-15,2021,1,Friday,6,Ho Chi Minh City,163,Unhealthy,PM2.5,false,Valid,4.63,98.19,191.14,123.01,237.76,1399.4,53.51,72.71,306.13,21.46,11.63,24
2021-01-16,2021,1,Saturday,7,Ho Chi Minh City,123,Poor,PM2.5,false,Valid,4.63,63.65,136.51,84.52,173.68,1065.06,36.4,36.06,171.66,10.26,9.18,24
2021-01-17,2021,1,Sunday,1,Ho Chi Minh City,62,Moderate,PM2.5,false,Valid,2.96,30.87,120.16,41.65,156.1,778.56,28.43,26.68,97.28,5.11,7.83,24
2021-01-18,2021,1,Monday,2,Ho Chi Minh City,79,Moderate,PM2.5,false,Valid,4.04,39.55,59.33,51.15,79.32,839.75,42.95,44.91,135.9,2.33,10.63,24
2021-01-19,2021,1,Tuesday,3,Ho Chi Minh City,138,Poor,PM2.5,false,Valid,4.71,72.75,109.83,92.55,144.19,1191.62,49.23,51.38,111.58,8.03,13.28,24
2021-01-20,2021,1,Wednesday,4,Ho Chi Minh City,159,Unhealthy,PM2.5,false,Valid,4.79,91.69,200.67,110.56,244.32,1272.28,51.9,66.59,168.8,14.2,11.59,24
2021-01-21,2021,1,Thursday,5,Ho Chi Minh City,105,Poor,PM2.5,false,Valid,4.5,52.82,87.03,67.94,106.12,932.65,41.93,40.91,79.39,3.06,9.14,24
2021-01-22,2021,1,Friday,6,Ho Chi Minh City,64,Moderate,PM2.5,false,Valid,3.79,31.71,40.95,40.11,58.28,808.32,33.28,31.91,80.82,2.07,7.77,24
2021-01-23,2021,1,Saturday,7,Ho Chi Minh City,114,Poor,PM2.5,false,Valid,4.71,57.97,94.36,71.27,119.4,1070.62,44.7,51.47,105.86,10.72,8.54,24
2021-01-24,2021,1,Sunday,1,Ho Chi Minh City,151,Unhealthy,PM2.5,false,Valid,4.92,80.04,116.74,98.85,147.67,1019.44,43.75,57.45,183.11,9.64,7.77,24
2021-01-25,2021,1,Monday,2,Ho Chi Minh City,145,Poor,PM2.5,false,Valid,4.88,77.55,151.69,100.81,193.72,1199.41,49.71,60.4,72.24,18.78,9.98,24
2021-01-26,2021,1,Tuesday,3,Ho Chi Minh City,140,Poor,PM2.5,false,Valid,4.75,73.89,174.72,97.52,225.61,1360.46,38.16,43.65,171.66,18.3,10.68,24
2021-01-27,2021,1,Wednesday,4,Ho Chi Minh City,,N/A,,false,Insufficient Data (<75%),5.0,202.29,202.29,254.51,254.51,4058.84,21.76,34.33,0.03,91.2,13.81,1
2021-01-28,2021,1,Thursday,5,Ho Chi Minh City,131,Poor,PM2.5,false,Valid,4.7,68.54,135.38,91.49,172.46,1442.54,51.8,56.69,89.41,20.63,14.1,23
2021-01-29,2021,1,Friday,6,Ho Chi Minh City,157,Unhealthy,PM2.5,false,Valid,4.92,89.43,158.59,113.31,202.42,1668.1,64.09,69.17,165.94,17.61,17.83,24
2021-01-30,2021,1,Saturday,7,Ho Chi Minh City,173,Unhealthy,PM2.5,false,Valid,4.92,111.7,220.06,137.79,264.2,1815.24,51.12,46.22,217.44,14.34,16.42,24
2021-01-31,2021,1,Sunday,1,Ho Chi Minh City,153,Unhealthy,PM2.5,false,Valid,4.5,83.73,288.12,103.93,329.54,1433.06,53.84,59.64,134.47,14.1,13.15,24
2021-02-01,2021,2,Monday,2,Ho Chi Minh City,103,Poor,PM2.5,false,Valid,4.29,51.8,102.0,71.7,139.27,1160.74,40.76,50.43,165.94,15.27,12.22,24
2021-02-02,2021,2,Tuesday,3,Ho Chi Minh City,119,Poor,PM2.5,false,Valid,4.17,61.62,140.27,83.88,184.07,1331.25,50.38,58.21,151.63,23.21,12.63,24
2021-02-03,2021,2,Wednesday,4,Ho Chi Minh City,186,Unhealthy,Ozone,false,Valid,4.79,105.14,220.91,132.33,241.22,1704.81,56.88,68.9,371.93,24.36,15.91,24
2021-02-04,2021,2,Thursday,5,Ho Chi Minh City,173,Unhealthy,PM2.5,false,Valid,4.96,112.69,205.7,142.04,255.04,1964.61,61.99,63.46,205.99,18.79,17.71,24
2021-02-05,2021,2,Friday,6,Ho Chi Minh City,136,Poor,PM2.5,false,Valid,4.58,71.61,193.2,94.65,236.34,1465.32,49.55,58.03,148.77,20.05,15.14,24
2021-02-06,2021,2,Saturday,7,Ho Chi Minh City,101,Poor,PM2.5,false,Valid,4.04,50.04,133.55,68.15,177.47,1059.49,47.17,51.75,167.37,9.27,11.92,24
2021-02-07,2021,2,Sunday,1,Ho Chi Minh City,78,Moderate,PM2.5,false,Valid,4.08,39.17,65.11,59.16,94.86,981.05,38.86,49.87,89.41,13.61,12.89,24
2021-02-08,2021,2,Monday,2,Ho Chi Minh City,172,Unhealthy,PM2.5,false,Valid,5.0,110.38,212.24,138.07,230.03,1742.92,69.86,92.86,277.52,29.55,15.42,24
2021-02-09,2021,2,Tuesday,3,Ho Chi Minh City,156,Unhealthy,Ozone,false,Valid,4.63,86.8,165.44,104.25,175.74,1275.06,51.91,71.51,311.85,18.77,11.5,24
2021-02-10,2021,2,Wednesday,4,Ho Chi Minh City,170,Unhealthy,PM2.5,false,Valid,4.79,108.51,196.93,124.37,223.77,1562.12,69.19,70.95,147.34,9.72,9.65,24
2021-02-11,2021,2,Thursday,5,Ho Chi Minh City,113,Poor,PM2.5,false,Valid,4.54,57.51,112.36,75.71,145.29,1281.74,45.63,52.31,137.33,11.48,10.89,24
2021-02-12,2021,2,Friday,6,Ho Chi Minh City,146,Poor,PM2.5,false,Valid,5.0,77.67,153.35,96.8,186.79,1314.56,46.3,60.3,191.69,16.92,10.65,24
2021-02-13,2021,2,Saturday,7,Ho Chi Minh City,152,Unhealthy,PM2.5,false,Valid,5.0,81.44,156.3,101.98,189.86,1140.99,52.61,58.61,113.01,8.24,9.44,24
2021-02-14,2021,2,Sunday,1,Ho Chi Minh City,126,Poor,PM2.5,false,Valid,5.0,65.8,104.27,84.78,130.52,915.97,41.97,45.91,117.3,1.8,7.84,24
2021-02-15,2021,2,Monday,2,Ho Chi Minh City,113,Poor,PM2.5,false,Valid,4.46,57.55,114.08,76.35,145.15,973.54,49.01,60.42,125.89,7.98,9.38,24
2021-02-16,2021,2,Tuesday,3,Ho Chi Minh City,89,Moderate,Ozone,false,Valid,3.92,37.55,73.73,53.69,89.28,735.16,37.81,44.14,191.69,2.85,7.46,24
2021-02-17,2021,2,Wednesday,4,Ho Chi Minh City,162,Unhealthy,PM2.5,false,Valid,4.63,96.6,288.44,125.69,359.13,1889.23,50.4,58.43,248.91,25.54,16.22,24
2021-02-18,2021,2,Thursday,5,Ho Chi Minh City,164,Unhealthy,PM2.5,false,Valid,4.96,99.77,330.84,124.01,404.53,2060.57,68.75,74.09,175.95,20.03,21.74,24
2021-02-19,2021,2,Friday,6,Ho Chi Minh City,142,Poor,PM2.5,false,Valid,5.0,75.12,131.23,94.94,160.88,1382.99,52.47,59.82,263.21,10.4,16.54,24
2021-02-20,2021,2,Saturday,7,Ho Chi Minh City,154,Unhealthy,Ozone,false,Valid,4.79,73.93,106.17,94.66,140.53,1393.0,44.37,54.97,306.13,12.84,15.19,24
2021-02-21,2021,2,Sunday,1,Ho Chi Minh City,105,Poor,PM2.5,false,Valid,4.33,53.01,128.41,73.28,166.52,1038.63,40.96,47.42,160.22,8.89,11.7,24
2021-02-22,2021,2,Monday,2,Ho Chi Minh City,129,Poor,Ozone,false,Valid,4.42,48.22,83.91,69.49,105.04,864.51,40.46,51.48,257.49,4.92,9.29,24
2021-02-23,2021,2,Tuesday,3,Ho Chi Minh City,131,Poor,Ozone,false,Valid,4.42,49.5,110.12,71.51,131.93,898.44,45.74,57.82,263.21,5.04,9.37,24
2021-02-24,2021,2,Wednesday,4,Ho Chi Minh City,78,Moderate,PM2.5,false,Valid,4.04,38.8,50.92,59.11,74.79,885.09,49.88,52.83,114.44,3.14,10.07,24
2021-02-25,2021,2,Thursday,5,Ho Chi Minh City,70,Moderate,PM2.5,false,Valid,3.88,35.03,59.19,53.73,88.27,918.47,45.94,48.91,90.12,6.43,11.18,24
2021-02-26,2021,2,Friday,6,Ho Chi Minh City,63,Moderate,PM2.5,false,Valid,4.0,31.15,37.74,46.7,56.55,862.28,43.27,46.85,65.8,2.85,10.29,24
2021-02-27,2021,2,Saturday,7,Ho Chi Minh City,77,Moderate,Ozone,false,Valid,3.67,32.75,50.76,43.48,65.61,716.53,30.43,32.01,181.68,1.78,6.78,24
2021-02-28,2021,2,Sunday,1,Ho Chi Minh City,34,Good,PM2.5,false,Valid,2.38,17.3,28.54,23.58,38.88,516.4,25.06,27.04,83.69,2.9,4.72,24
2021-03-01,2021,3,Monday,2,Ho Chi Minh City,70,Moderate,PM2.5,false,Valid,3.54,35.06,67.82,45.55,86.54,645.04,33.71,36.6,60.8,5.86,5.97,24
2021-03-02,2021,3,Tuesday,3,Ho Chi Minh City,61,Moderate,PM2.5,false,Valid,3.25,30.3,80.22,41.63,100.95,733.22,34.17,47.26,55.08,14.28,7.15,24
2021-03-03,2021,3,Wednesday,4,Ho Chi Minh City,86,Moderate,Ozone,false,Valid,2.83,28.36,74.99,39.76,100.0,742.12,31.05,47.28,188.83,13.07,8.97,24
2021-03-04,2021,3,Thursday,5,Ho Chi Minh City,50,Good,PM2.5,false,Valid,3.21,25.0,52.5,34.8,72.79,715.14,29.65,37.54,130.18,6.51,8.02,24
2021-03-05,2021,3,Friday,6,Ho Chi Minh City,49,Good,Ozone,false,Valid,3.04,21.2,34.17,29.41,46.25,619.31,26.65,30.89,158.79,4.01,6.75,24
2021-03-06,2021,3,Saturday,7,Ho Chi Minh City,54,Moderate,Ozone,false,Valid,3.42,25.17,39.24,33.53,53.46,640.17,23.76,28.69,163.08,3.57,6.64,24
2021-03-07,2021,3,Sunday,1,Ho Chi Minh City,51,Moderate,PM2.5,false,Valid,3.08,25.03,37.82,33.27,50.62,581.35,23.73,26.82,118.73,3.09,6.62,24
2021-03-08,2021,3,Monday,2,Ho Chi Minh City,48,Good,PM2.5,false,Valid,2.92,24.32,50.17,34.83,66.74,751.3,30.26,42.88,141.62,10.9,9.12,24
2021-03-09,2021,3,Tuesday,3,Ho Chi Minh City,79,Moderate,Ozone,false,Valid,3.58,31.71,63.57,44.38,86.04,871.18,33.42,44.94,183.11,9.62,10.45,24
2021-03-10,2021,3,Wednesday,4,Ho Chi Minh City,122,Poor,Ozone,false,Valid,4.0,39.12,77.81,53.31,103.67,930.15,36.01,48.34,243.19,9.74,10.65,24
2021-03-11,2021,3,Thursday,5,Ho Chi Minh City,119,Poor,Ozone,false,Valid,3.04,28.7,53.73,38.58,68.86,732.38,30.83,42.45,237.47,5.14,8.63,24
2021-03-12,2021,3,Friday,6,Ho Chi Minh City,130,Poor,Ozone,false,Valid,3.25,29.05,55.11,40.76,61.59,781.34,32.14,43.88,260.35,5.44,9.39,24
2021-03-13,2021,3,Saturday,7,Ho Chi Minh City,93,Moderate,Ozone,false,Valid,3.13,26.11,45.76,38.11,66.07,707.35,27.07,32.37,194.55,4.59,7.79,24
2021-03-14,2021,3,Sunday,1,Ho Chi Minh City,138,Poor,Ozone,false,Valid,3.58,36.44,95.96,52.59,115.34,717.64,27.95,35.1,277.52,6.41,7.15,24
2021-03-15,2021,3,Monday,2,Ho Chi Minh City,80,Moderate,PM2.5,false,Valid,4.0,40.08,69.98,57.3,97.49,855.88,39.19,52.35,167.37,8.23,8.28,24
2021-03-16,2021,3,Tuesday,3,Ho Chi Minh City,40,Good,PM2.5,false,Valid,2.75,20.37,27.85,34.93,44.54,623.9,32.5,33.75,124.45,1.31,6.01,24
2021-03-17,2021,3,Wednesday,4,Ho Chi Minh City,35,Good,PM2.5,false,Valid,2.42,17.89,27.52,30.91,47.4,630.58,33.2,36.05,92.98,3.22,6.26,24
2021-03-18,2021,3,Thursday,5,Ho Chi Minh City,34,Good,PM2.5,false,Valid,2.38,17.46,26.58,27.9,41.8,611.66,31.47,32.79,60.08,3.53,5.59,24
2021-03-19,2021,3,Friday,6,Ho Chi Minh City,36,Good,PM2.5,false,Valid,2.25,18.42,36.95,27.66,53.61,656.31,29.95,32.35,98.71,4.14,5.54,24
2021-03-20,2021,3,Saturday,7,Ho Chi Minh City,38,Good,PM2.5,false,Valid,2.54,19.34,25.69,25.94,34.97,587.74,28.6,28.16,95.84,1.28,4.78,24
2021-03-21,2021,3,Sunday,1,Ho Chi Minh City,65,Moderate,Ozone,false,Valid,2.83,22.04,38.18,30.47,51.37,627.38,29.69,37.85,171.66,6.79,5.96,24
2021-03-22,2021,3,Monday,2,Ho Chi Minh City,83,Moderate,PM2.5,false,Valid,4.04,41.48,81.08,57.65,113.92,1077.57,45.03,58.43,151.63,14.94,13.54,24
2021-03-23,2021,3,Tuesday,3,Ho Chi Minh City,148,Poor,PM2.5,false,Valid,4.54,78.86,144.59,99.32,184.72,1834.71,66.19,77.31,141.62,23.33,16.42,24
2021-03-24,2021,3,Wednesday,4,Ho Chi Minh City,91,Moderate,PM2.5,false,Valid,3.79,45.71,127.12,58.75,162.37,1169.92,49.61,64.48,88.69,18.45,10.61,24
2021-03-25,2021,3,Thursday,5,Ho Chi Minh City,64,Moderate,PM2.5,false,Valid,3.33,32.01,87.55,43.37,112.51,898.44,41.3,50.61,97.28,8.7,8.97,24
2021-03-26,2021,3,Friday,6,Ho Chi Minh City,38,Good,PM2.5,false,Valid,2.42,19.01,39.4,27.34,53.18,633.64,27.42,33.76,118.73,4.18,6.18,24
2021-03-27,2021,3,Saturday,7,Ho Chi Minh City,35,Good,Ozone,false,Valid,2.08,15.43,22.82,24.34,33.51,503.88,22.79,24.36,114.44,1.56,4.59,24
2021-03-28,2021,3,Sunday,1,Ho Chi Minh City,93,Moderate,Ozone,false,Valid,2.79,21.92,30.74,31.7,42.43,554.36,25.78,30.15,194.55,1.93,5.27,24
2021-03-29,2021,3,Monday,2,Ho Chi Minh City,106,Poor,Ozone,false,Valid,3.46,30.22,46.47,41.7,57.65,695.67,33.08,42.91,211.72,4.78,7.81,24
2021-03-30,2021,3,Tuesday,3,Ho Chi Minh City,63,Moderate,Ozone,false,Valid,3.71,30.14,47.28,39.7,54.51,704.84,24.9,40.42,170.23,10.09,8.53,24
2021-03-31,2021,3,Wednesday,4,Ho Chi Minh City,58,Moderate,Ozone,false,Valid,3.33,27.7,47.35,36.93,56.06,706.79,26.93,38.52,165.94,8.6,8.89,24
2021-04-01,2021,4,Thursday,5,Ho Chi Minh City,47,Good,Ozone,false,Valid,2.75,21.02,37.82,29.13,44.43,652.83,21.15,36.26,153.07,12.15,8.47,24
2021-04-02,2021,4,Friday,6,Ho Chi Minh City,66,Moderate,PM2.5,false,Valid,3.42,32.84,63.44,40.51,71.31,809.71,31.0,48.45,160.22,11.66,8.58,24
2021-04-03,2021,4,Saturday,7,Ho Chi Minh City,46,Good,Ozone,false,Valid,2.92,21.63,29.21,29.54,36.15,643.37,29.11,32.88,150.2,6.08,5.75,24
2021-04-04,2021,4,Sunday,1,Ho Chi Minh City,73,Moderate,PM2.5,false,Valid,3.58,36.32,65.62,48.18,86.49,772.44,33.44,33.0,53.64,4.24,6.61,24
2021-04-05,2021,4,Monday,2,Ho Chi Minh City,65,Moderate,PM2.5,false,Valid,3.5,32.44,72.69,44.64,94.66,841.14,36.96,44.29,131.61,7.29,8.87,24
2021-04-06,2021,4,Tuesday,3,Ho Chi Minh City,44,Good,PM2.5,false,Valid,2.88,22.1,37.39,32.93,53.04,847.82,32.91,40.57,128.75,6.46,8.81,24
2021-04-07,2021,4,Wednesday,4,Ho Chi Minh City,89,Moderate,Ozone,false,Valid,4.08,36.74,56.41,49.97,76.42,983.83,41.26,51.85,191.69,8.34,9.77,24
2021-04-08,2021,4,Thursday,5,Ho Chi Minh City,77,Moderate,PM2.5,false,Valid,4.08,38.72,65.04,52.58,87.09,990.23,48.21,56.05,114.44,6.14,8.68,24
2021-04-09,2021,4,Friday,6,Ho Chi Minh City,79,Moderate,PM2.5,false,Valid,3.96,39.52,88.14,51.96,107.51,1121.52,51.79,65.37,127.32,12.05,8.71,24
2021-04-10,2021,4,Saturday,7,Ho Chi Minh City,53,Moderate,PM2.5,false,Valid,3.17,26.39,45.12,35.65,60.71,763.81,32.15,33.74,92.98,2.65,6.53,24
2021-04-11,2021,4,Sunday,1,Ho Chi Minh City,47,Good,PM2.5,false,Valid,2.75,23.86,55.11,33.22,75.98,722.09,28.64,32.46,111.58,4.67,6.72,24
2021-04-12,2021,4,Monday,2,Ho Chi Minh City,106,Poor,Ozone,false,Valid,3.75,37.25,76.01,49.26,95.76,889.82,37.56,45.57,211.72,7.34,8.21,24
2021-04-13,2021,4,Tuesday,3,Ho Chi Minh City,62,Moderate,PM2.5,false,Valid,3.5,30.89,83.78,41.19,105.2,809.15,40.33,48.52,125.89,9.32,7.2,24
2021-04-14,2021,4,Wednesday,4,Ho Chi Minh City,118,Poor,PM2.5,false,Valid,4.33,60.56,152.0,72.01,172.46,1117.07,53.54,67.53,194.55,14.52,10.2,24
2021-04-15,2021,4,Thursday,5,Ho Chi Minh City,164,Unhealthy,PM2.5,false,Valid,4.75,99.9,228.85,115.33,246.04,1631.1,73.83,87.36,92.98,22.66,10.34,24
2021-04-16,2021,4,Friday,6,Ho Chi Minh City,109,Poor,PM2.5,false,Valid,4.54,55.36,117.13,66.77,134.23,1427.77,44.08,58.14,103.0,23.62,10.53,24
2021-04-17,2021,4,Saturday,7,Ho Chi Minh City,90,Moderate,PM2.5,false,Valid,4.21,45.01,125.29,54.35,144.95,1264.49,42.01,60.06,2.84,26.14,8.63,24
2021-04-18,2021,4,Sunday,1,Ho Chi Minh City,99,Moderate,PM2.5,false,Valid,3.96,49.69,109.19,60.54,125.58,1334.87,39.07,43.59,58.65,18.55,9.67,24
2021-04-19,2021,4,Monday,2,Ho Chi Minh City,171,Unhealthy,PM2.5,false,Valid,4.71,108.74,219.06,126.86,247.05,2201.88,48.64,62.73,108.72,37.05,14.54,24
2021-04-20,2021,4,Tuesday,3,Ho Chi Minh City,165,Unhealthy,PM2.5,false,Valid,4.46,101.38,262.56,123.5,324.23,2428.85,43.93,48.57,49.35,32.51,13.37,24
2021-04-21,2021,4,Wednesday,4,Ho Chi Minh City,152,Unhealthy,PM2.5,false,Valid,4.79,82.7,115.19,99.86,139.96,1853.62,51.55,74.01,69.38,32.85,13.12,24
2021-04-22,2021,4,Thursday,5,Ho Chi Minh City,153,Unhealthy,PM2.5,false,Valid,4.92,84.12,145.57,97.35,169.58,1798.55,58.04,75.64,12.88,27.3,11.2,24
2021-04-23,2021,4,Friday,6,Ho Chi Minh City,164,Unhealthy,PM2.5,false,Valid,4.21,98.98,352.35,114.06,405.47,2358.2,41.87,51.99,14.13,39.47,11.8,24
2021-04-24,2021,4,Saturday,7,Ho Chi Minh City,94,Moderate,PM2.5,false,Valid,4.33,47.01,73.01,55.01,86.11,1150.45,27.03,31.56,191.69,10.48,8.82,24
2021-04-25,2021,4,Sunday,1,Ho Chi Minh City,134,Poor,PM2.5,false,Valid,4.08,70.61,183.83,83.88,215.22,1613.86,32.16,35.73,100.14,21.71,11.34,24
2021-04-26,2021,4,Monday,2,Ho Chi Minh City,126,Poor,PM2.5,false,Valid,4.5,65.32,187.32,79.84,224.77,1584.93,39.01,66.98,60.8,38.51,12.48,24
2021-04-27,2021,4,Tuesday,3,Ho Chi Minh City,105,Poor,PM2.5,false,Valid,4.67,53.02,76.66,66.23,93.82,1405.24,46.73,83.98,5.9,47.69,9.99,24
2021-04-28,2021,4,Wednesday,4,Ho Chi Minh City,86,Moderate,PM2.5,false,Valid,4.08,43.26,65.58,58.53,91.46,1248.36,39.36,50.72,30.4,20.31,9.07,24
2021-04-29,2021,4,Thursday,5,Ho Chi Minh City,88,Moderate,PM2.5,false,Valid,4.33,43.93,60.49,60.93,84.34,1231.95,39.87,53.15,180.24,16.69,10.02,24
2021-04-30,2021,4,Friday,6,Ho Chi Minh City,72,Moderate,PM2.5,false,Valid,3.75,35.76,69.82,47.84,93.92,1016.93,38.62,47.9,82.97,13.89,8.2,24
2021-05-01,2021,5,Saturday,7,Ho Chi Minh City,139,Poor,PM2.5,false,Valid,3.92,73.81,169.67,92.13,203.32,1824.7,37.89,38.36,67.23,27.89,12.13,24
2021-05-02,2021,5,Sunday,1,Ho Chi Minh City,79,Moderate,PM2.5,false,Valid,3.83,39.66,192.32,52.41,232.68,965.76,30.85,39.38,161.65,10.65,7.76,24
2021-05-03,2021,5,Monday,2,Ho Chi Minh City,72,Moderate,PM2.5,false,Valid,3.67,36.11,71.2,50.28,98.65,1140.99,35.22,46.8,108.72,15.62,8.96,24
2021-05-04,2021,5,Tuesday,3,Ho Chi Minh City,105,Poor,PM2.5,false,Valid,4.67,52.91,69.12,66.56,89.11,1101.49,40.87,52.65,173.09,10.82,9.27,24
2021-05-05,2021,5,Wednesday,4,Ho Chi Minh City,60,Moderate,PM2.5,false,Valid,3.21,29.87,72.69,39.26,89.1,860.33,36.14,48.85,82.97,12.13,8.34,24
2021-05-06,2021,5,Thursday,5,Ho Chi Minh City,90,Moderate,PM2.5,false,Valid,3.58,44.9,119.93,58.07,155.18,1302.6,40.26,48.67,22.89,22.87,9.66,24
2021-05-07,2021,5,Friday,6,Ho Chi Minh City,69,Moderate,PM2.5,false,Valid,3.88,34.2,55.28,45.36,67.17,1049.48,37.44,45.5,10.82,15.19,7.92,24
2021-05-08,2021,5,Saturday,7,Ho Chi Minh City,44,Good,PM2.5,false,Valid,2.71,22.15,41.23,31.56,59.19,739.89,34.52,40.56,17.52,9.99,6.96,24
2021-05-09,2021,5,Sunday,1,Ho Chi Minh City,84,Moderate,PM2.5,false,Valid,3.71,41.87,86.81,55.83,110.78,1144.05,36.16,44.98,63.66,19.65,9.08,24
2021-05-10,2021,5,Monday,2,Ho Chi Minh City,102,Poor,PM2.5,false,Valid,4.29,50.64,92.13,67.9,120.26,1153.51,35.89,46.75,144.48,18.3,9.65,24
2021-05-11,2021,5,Tuesday,3,Ho Chi Minh City,86,Moderate,PM2.5,false,Valid,4.21,42.86,99.76,55.0,129.67,970.21,47.84,60.8,138.76,17.69,8.4,24
2021-05-12,2021,5,Wednesday,4,Ho Chi Minh City,98,Moderate,PM2.5,false,Valid,4.46,49.27,82.38,61.02,99.05,1130.42,56.42,74.33,81.54,23.36,9.06,24
2021-05-13,2021,5,Thursday,5,Ho Chi Minh City,97,Moderate,PM2.5,false,Valid,4.46,48.87,88.44,61.38,106.01,1125.42,49.97,64.08,157.36,19.52,8.87,24
2021-05-14,2021,5,Friday,6,Ho Chi Minh City,85,Moderate,PM2.5,false,Valid,3.71,42.63,101.72,57.51,139.13,1284.52,37.47,50.62,33.62,29.41,8.89,24
2021-05-15,2021,5,Saturday,7,Ho Chi Minh City,71,Moderate,PM2.5,false,Valid,3.38,35.56,66.14,47.75,89.25,1159.35,29.38,36.51,52.21,21.51,8.2,24
2021-05-16,2021,5,Sunday,1,Ho Chi Minh City,64,Moderate,PM2.5,false,Valid,3.67,32.13,56.39,40.13,72.28,836.14,31.78,44.56,130.18,14.76,6.46,24
2021-05-17,2021,5,Monday,2,Ho Chi Minh City,88,Moderate,PM2.5,false,Valid,3.88,44.33,105.36,57.85,145.07,1282.57,41.53,58.21,39.7,26.76,8.81,24
2021-05-18,2021,5,Tuesday,3,Ho Chi Minh City,128,Poor,PM2.5,false,Valid,3.96,67.08,274.37,79.0,296.98,1618.86,31.49,51.76,67.95,43.19,12.96,24
2021-05-19,2021,5,Wednesday,4,Ho Chi Minh City,152,Unhealthy,PM2.5,false,Valid,4.58,82.58,320.62,98.41,356.04,2026.08,36.12,66.72,4.92,54.65,11.66,24
2021-05-20,2021,5,Thursday,5,Ho Chi Minh City,158,Unhealthy,PM2.5,false,Valid,4.83,90.11,201.57,102.89,221.37,1873.37,42.0,76.63,183.11,36.76,17.83,24
2021-05-21,2021,5,Friday,6,Ho Chi Minh City,104,Poor,PM2.5,false,Valid,4.29,51.86,100.26,60.65,115.88,1414.42,33.85,50.7,10.19,29.77,8.97,24
2021-05-22,2021,5,Saturday,7,Ho Chi Minh City,30,Good,PM2.5,false,Valid,2.08,15.27,26.96,19.11,33.46,649.49,19.46,17.02,29.68,4.44,4.99,24
2021-05-23,2021,5,Sunday,1,Ho Chi Minh City,59,Moderate,PM2.5,false,Valid,2.83,29.17,92.04,36.11,111.88,969.65,21.48,23.76,31.11,13.74,6.9,24
2021-05-24,2021,5,Monday,2,Ho Chi Minh City,98,Moderate,PM2.5,false,Valid,3.54,49.25,154.46,59.39,185.71,1369.36,25.77,31.79,23.96,22.1,8.75,24
2021-05-25,2021,5,Tuesday,3,Ho Chi Minh City,83,Moderate,PM2.5,false,Valid,4.04,41.53,62.8,48.91,73.87,1263.66,21.86,43.42,0.45,32.18,8.0,24
2021-05-26,2021,5,Wednesday,4,Ho Chi Minh City,67,Moderate,PM2.5,false,Valid,3.58,33.52,51.66,40.14,63.46,1027.5,23.79,33.03,8.49,19.8,7.16,24
2021-05-27,2021,5,Thursday,5,Ho Chi Minh City,119,Poor,PM2.5,false,Valid,4.54,61.25,117.41,73.63,136.15,1673.38,28.02,44.74,5.9,37.37,11.12,24
2021-05-28,2021,5,Friday,6,Ho Chi Minh City,129,Poor,PM2.5,false,Valid,4.79,67.62,106.5,79.13,127.59,1466.99,39.82,44.74,88.69,14.42,9.71,24
2021-05-29,2021,5,Saturday,7,Ho Chi Minh City,148,Poor,PM2.5,false,Valid,4.83,78.88,210.24,91.02,236.9,1503.71,32.0,35.75,173.09,13.87,10.78,24
2021-05-30,2021,5,Sunday,1,Ho Chi Minh City,136,Poor,PM2.5,false,Valid,4.88,71.54,242.59,82.12,276.25,1286.19,27.2,26.17,161.65,8.87,9.19,24
2021-05-31,2021,5,Monday,2,Ho Chi Minh City,158,Unhealthy,PM2.5,false,Valid,4.79,90.01,201.62,107.36,242.04,1920.94,37.15,35.51,127.32,19.79,11.38,24
2021-06-01,2021,6,Tuesday,3,Ho Chi Minh City,129,Poor,PM2.5,false,Valid,4.71,67.41,123.29,79.06,145.58,1320.68,40.71,36.87,74.39,6.41,8.76,24
2021-06-02,2021,6,Wednesday,4,Ho Chi Minh City,131,Poor,PM2.5,false,Valid,4.67,68.5,121.68,80.1,146.39,1399.4,42.93,40.03,54.36,5.98,9.1,24
2021-06-03,2021,6,Thursday,5,Ho Chi Minh City,110,Poor,PM2.5,false,Valid,4.63,55.65,78.57,66.36,97.64,1278.12,38.46,36.29,30.76,8.54,8.89,24
2021-06-04,2021,6,Friday,6,Ho Chi Minh City,91,Moderate,PM2.5,false,Valid,4.29,45.84,79.14,55.09,96.14,1138.21,31.2,27.18,85.12,5.69,9.16,24
2021-06-05,2021,6,Saturday,7,Ho Chi Minh City,59,Moderate,PM2.5,false,Valid,3.54,29.19,53.08,34.27,60.57,796.64,21.42,18.65,87.26,2.88,6.06,24
2021-06-06,2021,6,Sunday,1,Ho Chi Minh City,26,Good,PM2.5,false,Valid,1.75,13.41,23.5,17.44,29.61,585.52,18.35,15.84,21.1,3.29,5.29,24
2021-06-07,2021,6,Monday,2,Ho Chi Minh City,45,Good,PM2.5,false,Valid,2.71,22.58,41.98,29.65,53.8,728.63,23.26,21.96,35.41,7.29,6.19,24
2021-06-08,2021,6,Tuesday,3,Ho Chi Minh City,79,Moderate,PM2.5,false,Valid,3.71,39.58,73.59,48.96,95.37,1080.35,30.13,30.0,26.11,12.81,7.49,24
2021-06-09,2021,6,Wednesday,4,Ho Chi Minh City,70,Moderate,PM2.5,false,Valid,3.67,35.11,48.94,41.31,58.67,923.2,29.81,27.92,33.26,6.96,6.92,24
2021-06-10,2021,6,Thursday,5,Ho Chi Minh City,41,Good,PM2.5,false,Valid,2.67,20.74,35.21,25.53,43.73,736.55,22.06,20.26,36.12,6.72,5.55,24
2021-06-11,2021,6,Friday,6,Ho Chi Minh City,30,Good,PM2.5,false,Valid,2.0,15.1,24.3,19.68,30.6,608.32,20.68,19.33,23.6,4.91,5.46,24
2021-06-12,2021,6,Saturday,7,Ho Chi Minh City,45,Good,PM2.5,false,Valid,2.88,22.69,43.17,27.65,54.06,707.35,22.61,17.57,33.98,3.45,5.76,24
2021-06-13,2021,6,Sunday,1,Ho Chi Minh City,76,Moderate,PM2.5,false,Valid,3.17,37.79,94.53,46.21,111.45,948.79,21.67,18.87,49.35,8.3,7.46,24
2021-06-14,2021,6,Monday,2,Ho Chi Minh City,112,Poor,PM2.5,false,Valid,4.67,57.03,90.55,68.52,108.5,1273.67,29.3,26.78,113.01,9.82,8.98,24
2021-06-15,2021,6,Tuesday,3,Ho Chi Minh City,139,Poor,PM2.5,false,Valid,4.54,73.82,214.94,89.36,259.77,1796.88,30.34,34.78,85.12,25.58,10.52,24
2021-06-16,2021,6,Wednesday,4,Ho Chi Minh City,196,Unhealthy,PM2.5,false,Valid,4.54,145.54,639.75,168.76,717.07,3703.63,30.46,42.05,62.23,71.34,14.62,24
2021-06-17,2021,6,Thursday,5,Ho Chi Minh City,119,Poor,PM2.5,false,Valid,4.71,61.31,115.29,73.81,139.65,1378.82,33.13,35.69,103.0,16.22,11.46,24
2021-06-18,2021,6,Friday,6,Ho Chi Minh City,79,Moderate,PM2.5,false,Valid,4.0,39.61,57.93,48.06,72.07,982.17,28.9,30.75,42.56,9.78,8.25,24
2021-06-19,2021,6,Saturday,7,Ho Chi Minh City,77,Moderate,PM2.5,false,Valid,4.08,38.68,77.05,46.44,94.56,1040.86,27.74,23.7,53.64,5.27,7.88,24
2021-06-20,2021,6,Sunday,1,Ho Chi Minh City,57,Moderate,PM2.5,false,Valid,3.54,28.27,41.98,33.86,49.62,723.48,24.0,23.03,82.97,4.39,6.72,24
2021-06-21,2021,6,Monday,2,Ho Chi Minh City,54,Moderate,PM2.5,false,Valid,3.25,26.78,46.39,32.69,58.02,765.48,23.44,21.58,80.11,4.59,5.9,24
2021-06-22,2021,6,Tuesday,3,Ho Chi Minh City,54,Moderate,PM2.5,false,Valid,3.63,26.71,37.06,33.39,48.19,742.95,23.93,24.91,75.82,7.47,6.47,24
2021-06-23,2021,6,Wednesday,4,Ho Chi Minh City,45,Good,PM2.5,false,Valid,3.08,22.55,29.74,28.52,37.4,695.95,19.19,21.04,75.82,8.18,6.36,24
2021-06-24,2021,6,Thursday,5,Ho Chi Minh City,88,Moderate,PM2.5,false,Valid,4.21,44.07,93.76,56.87,123.44,1153.23,25.45,30.89,75.1,17.12,8.96,24
2021-06-25,2021,6,Friday,6,Ho Chi Minh City,68,Moderate,PM2.5,false,Valid,3.79,33.69,53.85,44.16,72.19,973.82,26.58,31.33,65.09,13.98,8.4,24
2021-06-26,2021,6,Saturday,7,Ho Chi Minh City,82,Moderate,PM2.5,false,Valid,3.75,41.01,85.2,51.34,100.03,1091.48,24.66,25.92,56.51,12.54,9.12,24
2021-06-27,2021,6,Sunday,1,Ho Chi Minh City,120,Poor,PM2.5,false,Valid,4.96,61.87,88.77,71.7,106.82,1039.74,29.36,30.26,143.05,6.16,8.83,24
2021-06-28,2021,6,Monday,2,Ho Chi Minh City,119,Poor,PM2.5,false,Valid,4.71,61.52,114.93,73.26,138.89,1238.07,38.84,38.3,91.55,6.5,8.92,24
2021-06-29,2021,6,Tuesday,3,Ho Chi Minh City,91,Moderate,PM2.5,false,Valid,4.29,45.68,75.4,54.63,92.46,1002.47,32.27,33.91,90.12,7.46,8.23,24
2021-06-30,2021,6,Wednesday,4,Ho Chi Minh City,64,Moderate,PM2.5,false,Valid,3.58,31.68,44.33,38.92,54.35,878.41,29.8,32.26,35.41,9.76,7.58,24
2021-07-01,2021,7,Thursday,5,Ho Chi Minh City,112,Poor,PM2.5,false,Valid,4.58,57.28,84.87,67.34,104.69,1068.12,31.62,30.69,121.59,5.84,8.44,24
2021-07-02,2021,7,Friday,6,Ho Chi Minh City,126,Poor,PM2.5,false,Valid,4.83,65.32,107.68,77.03,129.98,1191.89,32.65,29.44,141.62,6.82,9.88,24
2021-07-03,2021,7,Saturday,7,Ho Chi Minh City,112,Poor,PM2.5,false,Valid,4.63,57.12,103.0,65.57,117.41,880.64,26.24,29.42,173.09,7.16,8.21,24
2021-07-04,2021,7,Sunday,1,Ho Chi Minh City,95,Moderate,PM2.5,false,Valid,4.25,47.54,95.77,58.07,115.67,1105.11,30.22,40.59,67.95,18.68,9.43,24
2021-07-05,2021,7,Monday,2,Ho Chi Minh City,54,Moderate,PM2.5,false,Valid,3.38,26.78,37.63,33.42,45.99,851.15,22.66,29.35,3.58,15.38,6.88,24
2021-07-06,2021,7,Tuesday,3,Ho Chi Minh City,40,Good,PM2.5,false,Valid,2.79,20.21,34.98,24.93,41.88,704.85,21.14,23.15,21.99,9.2,5.18,24
2021-07-07,2021,7,Wednesday,4,Ho Chi Minh City,39,Good,PM2.5,false,Valid,2.58,19.61,25.8,25.06,34.67,714.58,22.95,26.47,18.24,10.32,5.98,24
2021-07-08,2021,7,Thursday,5,Ho Chi Minh City,67,Moderate,PM2.5,false,Valid,3.42,33.23,61.37,38.95,72.92,982.72,28.02,32.37,14.84,14.76,6.25,24
2021-07-09,2021,7,Friday,6,Ho Chi Minh City,105,Poor,PM2.5,false,Valid,4.42,52.51,101.9,62.18,122.92,1378.26,34.13,42.57,40.41,20.33,8.4,24
2021-07-10,2021,7,Saturday,7,Ho Chi Minh City,102,Poor,PM2.5,false,Valid,3.75,51.09,142.39,61.1,164.11,1425.54,27.37,38.65,38.98,26.71,9.76,24
2021-07-11,2021,7,Sunday,1,Ho Chi Minh City,134,Poor,PM2.5,false,Valid,4.63,70.64,162.74,88.24,193.57,1679.22,43.31,61.47,123.02,34.67,11.12,24
2021-07-12,2021,7,Monday,2,Ho Chi Minh City,130,Poor,PM2.5,false,Valid,4.21,68.03,157.05,84.49,200.16,1660.03,38.12,59.86,62.23,35.01,11.2,24
2021-07-13,2021,7,Tuesday,3,Ho Chi Minh City,153,Unhealthy,PM2.5,false,Valid,4.67,83.3,157.95,98.29,175.5,1854.18,52.29,94.75,10.28,64.5,11.27,24
2021-07-14,2021,7,Wednesday,4,Ho Chi Minh City,165,Unhealthy,PM2.5,false,Valid,4.96,101.39,169.76,113.92,189.37,2051.12,55.08,89.52,9.21,59.49,10.41,24
2021-07-15,2021,7,Thursday,5,Ho Chi Minh City,97,Moderate,PM2.5,false,Valid,4.29,48.77,129.3,56.26,146.31,1266.16,26.92,46.56,0.69,31.16,8.07,24
2021-07-16,2021,7,Friday,6,Ho Chi Minh City,135,Poor,PM2.5,false,Valid,4.25,71.17,217.14,88.94,281.4,2056.12,22.09,26.18,57.22,32.38,11.91,24
2021-07-17,2021,7,Saturday,7,Ho Chi Minh City,67,Moderate,PM2.5,false,Valid,3.96,33.24,53.77,37.71,64.41,709.85,18.89,15.4,97.28,2.76,5.98,24
2021-07-18,2021,7,Sunday,1,Ho Chi Minh City,56,Moderate,PM2.5,false,Valid,3.33,27.63,36.23,32.34,44.1,751.02,20.31,16.45,36.84,3.89,5.43,24
2021-07-19,2021,7,Monday,2,Ho Chi Minh City,57,Moderate,PM2.5,false,Valid,3.54,28.16,39.38,36.61,50.16,812.49,21.32,23.7,65.8,10.43,6.79,24
2021-07-20,2021,7,Tuesday,3,Ho Chi Minh City,60,Moderate,PM2.5,false,Valid,3.38,29.92,42.3,38.88,53.83,840.31,21.14,20.85,54.36,8.49,7.26,24
2021-07-21,2021,7,Wednesday,4,Ho Chi Minh City,61,Moderate,PM2.5,false,Valid,3.67,30.17,44.58,36.66,54.42,754.63,22.81,20.36,57.94,4.44,5.61,24
2021-07-22,2021,7,Thursday,5,Ho Chi Minh City,91,Moderate,PM2.5,false,Valid,4.21,45.44,55.72,53.39,67.07,858.11,28.35,21.18,45.78,1.6,6.58,24
2021-07-23,2021,7,Friday,6,Ho Chi Minh City,73,Moderate,PM2.5,false,Valid,3.88,36.42,54.8,41.6,63.04,756.3,24.87,17.91,55.79,0.7,5.37,24
2021-07-24,2021,7,Saturday,7,Ho Chi Minh City,24,Good,PM2.5,false,Valid,1.83,12.38,17.29,16.87,26.25,491.22,15.69,11.49,29.33,1.09,5.27,24
2021-07-25,2021,7,Sunday,1,Ho Chi Minh City,27,Good,PM2.5,false,Valid,2.08,13.56,22.49,17.22,29.99,523.49,14.63,13.4,57.94,3.55,4.49,24
2021-07-26,2021,7,Monday,2,Ho Chi Minh City,32,Good,PM2.5,false,Valid,2.17,16.11,25.07,20.37,34.26,518.48,15.45,15.11,72.24,3.55,5.12,24
2021-07-27,2021,7,Tuesday,3,Ho Chi Minh City,27,Good,PM2.5,false,Valid,1.88,13.58,17.61,17.8,22.21,506.94,16.57,13.78,60.08,1.85,4.77,24
2021-07-28,2021,7,Wednesday,4,Ho Chi Minh City,22,Good,PM2.5,false,Valid,1.67,11.05,14.39,14.65,20.28,505.13,16.72,14.43,53.64,2.9,4.65,24
2021-07-29,2021,7,Thursday,5,Ho Chi Minh City,24,Good,PM2.5,false,Valid,1.71,12.26,17.45,15.55,22.62,543.1,17.99,15.12,9.48,3.33,4.05,24
2021-07-30,2021,7,Friday,6,Ho Chi Minh City,22,Good,PM2.5,false,Valid,1.67,11.46,14.7,14.75,19.99,546.57,17.43,14.98,33.62,3.48,4.2,24
2021-07-31,2021,7,Saturday,7,Ho Chi Minh City,18,Good,PM2.5,false,Valid,1.25,9.14,14.86,11.99,19.9,479.54,15.63,12.14,18.6,1.6,4.06,24
2021-08-01,2021,8,Sunday,1,Ho Chi Minh City,18,Good,Ozone,false,Valid,1.08,7.87,10.58,10.69,15.02,413.9,12.65,10.46,57.94,1.36,4.34,24
2021-08-02,2021,8,Monday,2,Ho Chi Minh City,16,Good,PM2.5,false,Valid,1.17,8.14,13.79,11.26,19.66,467.02,16.26,13.04,39.7,1.41,4.9,24
2021-08-03,2021,8,Tuesday,3,Ho Chi Minh City,18,Good,PM2.5,false,Valid,1.46,9.07,12.32,12.5,17.49,460.9,16.39,13.33,36.12,1.9,4.86,24
2021-08-04,2021,8,Wednesday,4,Ho Chi Minh City,18,Good,PM2.5,false,Valid,1.33,9.48,15.3,12.97,21.95,466.05,17.85,14.47,21.99,1.97,4.6,24
2021-08-05,2021,8,Thursday,5,Ho Chi Minh City,21,Good,PM2.5,false,Valid,1.5,10.99,17.27,14.72,23.66,492.06,18.64,15.56,25.03,2.28,4.52,24
2021-08-06,2021,8,Friday,6,Ho Chi Minh City,24,Good,PM2.5,false,Valid,1.83,12.02,22.6,16.87,29.59,532.53,18.94,15.35,39.34,1.86,5.44,24
2021-08-07,2021,8,Saturday,7,Ho Chi Minh City,27,Good,PM2.5,false,Valid,1.92,13.61,26.39,18.46,35.58,605.96,18.34,15.53,22.17,4.25,6.02,24
2021-08-08,2021,8,Sunday,1,Ho Chi Minh City,26,Good,PM2.5,false,Valid,1.83,13.33,24.42,18.35,32.15,576.76,17.21,18.0,14.31,6.79,6.11,24
2021-08-09,2021,8,Monday,2,Ho Chi Minh City,43,Good,PM2.5,false,Valid,2.71,21.97,50.66,29.9,68.01,767.15,23.3,27.48,29.68,11.25,7.38,24
2021-08-10,2021,8,Tuesday,3,Ho Chi Minh City,63,Moderate,PM2.5,false,Valid,3.38,31.49,57.85,39.11,75.4,944.61,27.92,29.5,29.68,12.35,6.93,24
2021-08-11,2021,8,Wednesday,4,Ho Chi Minh City,115,Poor,PM2.5,false,Valid,3.96,59.07,221.61,68.88,247.08,1519.01,32.4,41.22,37.19,25.99,10.65,24
2021-08-12,2021,8,Thursday,5,Ho Chi Minh City,116,Poor,PM2.5,false,Valid,4.58,59.63,211.2,71.14,242.96,1466.71,34.45,38.87,34.33,20.09,8.98,24
2021-08-13,2021,8,Friday,6,Ho Chi Minh City,75,Moderate,PM2.5,false,Valid,4.04,37.49,64.27,44.59,77.12,1059.21,29.09,33.1,32.54,14.88,7.39,24
2021-08-14,2021,8,Saturday,7,Ho Chi Minh City,174,Unhealthy,PM2.5,false,Valid,4.04,114.0,416.58,134.8,486.47,2851.09,28.04,34.21,19.49,52.98,11.99,24
2021-08-15,2021,8,Sunday,1,Ho Chi Minh City,165,Unhealthy,PM2.5,false,Valid,4.71,100.39,217.68,121.34,270.8,2209.11,24.05,27.29,85.12,32.77,12.47,24
2021-08-16,2021,8,Monday,2,Ho Chi Minh City,223,Very Unhealthy,PM2.5,true,Valid,5.0,172.29,290.67,191.27,325.15,2547.07,70.07,55.15,188.83,14.01,11.98,24
2021-08-17,2021,8,Tuesday,3,Ho Chi Minh City,289,Very Unhealthy,PM2.5,true,Valid,5.0,239.39,692.14,259.97,748.49,4151.18,72.2,77.15,27.18,70.63,13.6,24
2021-08-18,2021,8,Wednesday,4,Ho Chi Minh City,279,Very Unhealthy,PM2.5,true,Valid,5.0,229.51,404.93,249.6,439.4,3204.9,71.83,79.04,131.61,35.46,19.08,24
2021-08-19,2021,8,Thursday,5,Ho Chi Minh City,388,Hazardous,PM2.5,true,Valid,5.0,360.06,811.92,386.98,844.52,6023.73,67.17,102.22,53.64,118.19,32.6,24
2021-08-20,2021,8,Friday,6,Ho Chi Minh City,179,Unhealthy,PM2.5,false,Valid,5.0,120.32,737.18,136.06,780.95,2264.18,49.41,72.34,46.49,42.07,22.18,24
2021-08-21,2021,8,Saturday,7,Ho Chi Minh City,159,Unhealthy,PM2.5,false,Valid,5.0,92.47,238.89,103.6,264.54,1358.23,34.69,37.61,211.72,12.29,12.16,24
2021-08-22,2021,8,Sunday,1,Ho Chi Minh City,71,Moderate,PM2.5,false,Valid,3.54,35.68,67.33,42.71,79.71,923.48,24.62,25.46,32.19,9.65,7.32,24
2021-08-23,2021,8,Monday,2,Ho Chi Minh City,83,Moderate,PM2.5,false,Valid,3.75,41.66,79.63,51.56,98.26,1126.25,23.33,30.65,34.69,20.57,8.66,24
2021-08-24,2021,8,Tuesday,3,Ho Chi Minh City,69,Moderate,PM2.5,false,Valid,3.67,34.55,75.7,42.72,93.45,1037.8,26.16,37.18,13.05,21.13,7.78,24
2021-08-25,2021,8,Wednesday,4,Ho Chi Minh City,63,Moderate,PM2.5,false,Valid,3.5,31.46,50.94,36.97,58.14,982.72,25.26,31.96,7.42,17.29,6.41,24
2021-08-26,2021,8,Thursday,5,Ho Chi Minh City,142,Poor,PM2.5,false,Valid,4.0,75.43,196.74,86.2,225.65,1908.14,31.15,44.22,11.0,38.05,10.41,24
2021-08-27,2021,8,Friday,6,Ho Chi Minh City,285,Very Unhealthy,PM2.5,true,Valid,4.63,235.26,750.93,257.33,811.5,4603.19,42.04,71.9,6.8,115.45,18.92,24
2021-08-28,2021,8,Saturday,7,Ho Chi Minh City,227,Very Unhealthy,PM2.5,true,Valid,4.79,176.39,487.38,199.1,561.76,3501.14,49.44,67.45,34.33,74.13,22.88,24
2021-08-29,2021,8,Sunday,1,Ho Chi Minh City,93,Moderate,PM2.5,false,Valid,3.96,46.63,119.59,53.27,134.72,1205.8,39.39,52.41,45.78,23.48,7.77,24
2021-08-30,2021,8,Monday,2,Ho Chi Minh City,174,Unhealthy,PM2.5,false,Valid,4.96,113.56,183.96,128.84,216.1,2339.84,66.85,81.1,15.56,44.45,12.59,24
2021-08-31,2021,8,Tuesday,3,Ho Chi Minh City,191,Unhealthy,PM2.5,false,Valid,4.92,138.39,265.03,156.34,287.16,2660.83,53.57,78.66,2.79,63.33,13.68,24
2021-09-01,2021,9,Wednesday,4,Ho Chi Minh City,174,Unhealthy,PM2.5,false,Valid,5.0,113.19,315.34,126.81,345.15,2176.29,48.17,83.96,4.43,57.18,11.9,24
2021-09-02,2021,9,Thursday,5,Ho Chi Minh City,114,Poor,PM2.5,false,Valid,4.42,58.14,191.2,67.64,211.47,1508.71,30.97,53.83,1.31,36.76,9.44,24
2021-09-03,2021,9,Friday,6,Ho Chi Minh City,135,Poor,PM2.5,false,Valid,3.79,71.04,189.03,86.88,239.34,1966.28,19.49,31.42,6.17,42.58,11.42,24
2021-09-04,2021,9,Saturday,7,Ho Chi Minh City,79,Moderate,PM2.5,false,Valid,3.83,39.3,90.18,46.89,107.31,1185.5,20.66,21.75,33.98,17.05,7.74,24
2021-09-05,2021,9,Sunday,1,Ho Chi Minh City,117,Poor,PM2.5,false,Valid,3.92,60.3,113.09,73.6,143.37,1601.62,22.19,29.78,57.22,29.19,10.22,24
2021-09-06,2021,9,Monday,2,Ho Chi Minh City,166,Unhealthy,PM2.5,false,Valid,4.71,101.77,263.05,115.27,290.13,2182.4,32.88,45.4,82.97,45.26,12.85,24
2021-09-07,2021,9,Tuesday,3,Ho Chi Minh City,72,Moderate,PM2.5,false,Valid,3.54,35.99,91.23,43.29,103.82,1032.79,24.83,32.44,17.17,18.47,7.43,24
2021-09-08,2021,9,Wednesday,4,Ho Chi Minh City,37,Good,PM2.5,false,Valid,2.46,18.72,31.11,24.35,42.12,688.43,22.79,24.95,30.76,8.91,5.88,24
2021-09-09,2021,9,Thursday,5,Ho Chi Minh City,48,Good,PM2.5,false,Valid,2.88,24.06,44.92,31.06,60.63,853.1,23.65,26.4,17.7,12.68,6.78,24
2021-09-10,2021,9,Friday,6,Ho Chi Minh City,36,Good,PM2.5,false,Valid,2.33,18.16,35.86,23.93,46.41,712.36,21.29,20.16,19.49,8.0,6.35,24
2021-09-11,2021,9,Saturday,7,Ho Chi Minh City,20,Good,PM2.5,false,Valid,1.63,10.01,15.49,13.16,20.52,492.33,15.27,10.72,27.54,2.18,5.62,24
2021-09-12,2021,9,Sunday,1,Ho Chi Minh City,27,Good,PM2.5,false,Valid,1.96,13.72,28.67,18.32,36.97,599.29,15.61,13.61,31.83,5.29,6.35,24
2021-09-13,2021,9,Monday,2,Ho Chi Minh City,39,Good,PM2.5,false,Valid,2.5,19.62,29.29,24.38,36.22,694.83,21.43,24.07,11.8,8.96,5.79,24
2021-09-14,2021,9,Tuesday,3,Ho Chi Minh City,55,Moderate,PM2.5,false,Valid,3.58,27.54,38.83,32.92,46.15,962.42,25.75,40.33,1.95,21.27,6.53,24
2021-09-15,2021,9,Wednesday,4,Ho Chi Minh City,152,Unhealthy,PM2.5,false,Valid,4.04,81.75,219.27,98.06,249.25,2046.94,28.16,47.27,12.16,44.43,13.89,24
2021-09-16,2021,9,Thursday,5,Ho Chi Minh City,167,Unhealthy,PM2.5,false,Valid,4.75,103.43,272.99,128.41,311.85,2595.19,36.95,75.56,1.14,73.45,14.88,24
2021-09-17,2021,9,Friday,6,Ho Chi Minh City,256,Very Unhealthy,PM2.5,true,Valid,5.0,205.64,524.0,231.51,598.67,3839.1,70.76,98.06,20.39,93.17,16.48,24
2021-09-18,2021,9,Saturday,7,Ho Chi Minh City,155,Unhealthy,PM2.5,false,Valid,4.88,86.45,144.08,94.17,156.99,1343.77,45.49,43.98,165.94,3.27,7.05,24
2021-09-19,2021,9,Sunday,1,Ho Chi Minh City,133,Poor,PM2.5,false,Valid,4.71,70.02,112.59,75.03,119.03,1477.0,34.26,31.89,64.37,9.98,6.57,24
2021-09-20,2021,9,Monday,2,Ho Chi Minh City,156,Unhealthy,PM2.5,false,Valid,3.83,87.52,190.49,104.08,233.23,2055.57,26.06,37.66,20.21,42.19,13.75,24
2021-09-21,2021,9,Tuesday,3,Ho Chi Minh City,111,Poor,PM2.5,false,Valid,4.63,56.5,144.24,67.09,162.67,1405.52,32.12,34.14,100.14,15.12,8.96,24
2021-09-22,2021,9,Wednesday,4,Ho Chi Minh City,101,Poor,PM2.5,false,Valid,3.88,50.18,138.9,61.09,173.42,1327.63,25.95,31.87,46.49,20.78,9.44,24
2021-09-23,2021,9,Thursday,5,Ho Chi Minh City,101,Poor,PM2.5,false,Valid,4.04,50.57,100.61,62.22,126.03,1466.71,22.53,32.78,3.35,28.44,10.2,24
2021-09-24,2021,9,Friday,6,Ho Chi Minh City,105,Poor,PM2.5,false,Valid,4.13,52.52,119.98,62.96,144.96,1444.46,26.38,34.6,7.33,27.04,9.15,24
2021-09-25,2021,9,Saturday,7,Ho Chi Minh City,135,Poor,PM2.5,false,Valid,3.92,71.21,211.4,83.14,232.22,1771.29,24.59,34.97,30.04,35.55,11.54,24
2021-09-26,2021,9,Sunday,1,Ho Chi Minh City,153,Unhealthy,PM2.5,false,Valid,4.67,83.99,258.26,99.59,286.53,1967.39,42.4,72.94,49.35,53.99,10.79,24
2021-09-27,2021,9,Monday,2,Ho Chi Minh City,115,Poor,PM2.5,false,Valid,4.54,59.08,121.33,72.84,135.1,1485.07,39.91,55.1,128.75,28.48,9.11,24
2021-09-28,2021,9,Tuesday,3,Ho Chi Minh City,169,Unhealthy,PM2.5,false,Valid,5.0,106.81,193.82,124.9,229.81,2163.49,64.6,72.26,128.75,29.65,11.29,24
2021-09-29,2021,9,Wednesday,4,Ho Chi Minh City,387,Hazardous,PM2.5,true,Valid,5.0,359.1,815.11,392.93,886.86,5431.26,96.43,96.94,220.3,66.39,26.11,24
2021-09-30,2021,9,Thursday,5,Ho Chi Minh City,279,Very Unhealthy,PM2.5,true,Valid,5.0,229.31,490.92,256.91,579.46,4256.33,58.89,83.09,12.88,88.87,18.37,24
2021-10-01,2021,10,Friday,6,Ho Chi Minh City,160,Unhealthy,PM2.5,false,Valid,5.0,94.03,144.88,107.95,164.96,2047.78,56.55,77.96,7.15,43.05,11.44,24
2021-10-02,2021,10,Saturday,7,Ho Chi Minh City,138,Poor,PM2.5,false,Valid,4.67,72.68,127.21,84.05,143.33,1758.5,30.92,42.14,18.06,34.16,10.22,24
2021-10-03,2021,10,Sunday,1,Ho Chi Minh City,228,Very Unhealthy,PM2.5,true,Valid,4.92,177.98,384.9,204.43,422.17,3637.16,47.81,71.34,1.22,89.57,18.44,24
2021-10-04,2021,10,Monday,2,Ho Chi Minh City,188,Unhealthy,PM2.5,false,Valid,4.75,134.1,316.26,150.6,345.61,2391.02,59.16,82.67,25.39,68.32,10.47,24
2021-10-05,2021,10,Tuesday,3,Ho Chi Minh City,180,Unhealthy,PM2.5,false,Valid,4.58,122.32,230.77,135.02,243.58,2154.03,87.93,110.29,7.33,48.02,9.29,24
2021-10-06,2021,10,Wednesday,4,Ho Chi Minh City,168,Unhealthy,PM2.5,false,Valid,5.0,104.36,257.29,113.66,273.59,1987.7,55.99,50.94,50.07,20.48,8.11,24
2021-10-07,2021,10,Thursday,5,Ho Chi Minh City,78,Moderate,PM2.5,false,Valid,3.96,39.21,57.68,43.69,61.67,1117.91,26.7,26.67,25.75,7.69,5.6,24
2021-10-08,2021,10,Friday,6,Ho Chi Minh City,23,Good,PM2.5,false,Valid,1.58,11.62,17.99,14.99,23.01,579.54,17.44,17.54,11.44,5.69,4.45,24
2021-10-09,2021,10,Saturday,7,Ho Chi Minh City,24,Good,PM2.5,false,Valid,1.63,12.4,21.14,16.34,28.53,574.11,16.85,15.55,19.85,4.71,4.69,24
2021-10-10,2021,10,Sunday,1,Ho Chi Minh City,39,Good,PM2.5,false,Valid,2.46,19.94,54.63,26.46,70.27,700.95,20.85,18.58,52.93,5.33,6.11,24
2021-10-11,2021,10,Monday,2,Ho Chi Minh City,37,Good,PM2.5,false,Valid,2.58,18.96,29.91,22.7,36.23,711.52,23.43,25.66,21.46,9.06,4.96,24
2021-10-12,2021,10,Tuesday,3,Ho Chi Minh City,18,Good,PM2.5,false,Valid,1.33,9.45,13.36,12.09,17.72,510.0,19.16,16.13,18.42,2.39,3.83,24
2021-10-13,2021,10,Wednesday,4,Ho Chi Minh City,34,Good,PM2.5,false,Valid,2.38,17.38,35.24,22.48,45.09,687.04,21.23,22.3,20.92,8.07,5.55,24
2021-10-14,2021,10,Thursday,5,Ho Chi Minh City,164,Unhealthy,PM2.5,false,Valid,3.75,99.82,280.48,124.03,336.9,2722.3,26.55,45.17,13.05,61.03,14.23,24
2021-10-15,2021,10,Friday,6,Ho Chi Minh City,274,Very Unhealthy,PM2.5,true,Valid,4.75,224.15,639.69,251.93,703.14,5003.73,53.83,85.67,80.82,100.47,39.56,24
2021-10-16,2021,10,Saturday,7,Ho Chi Minh City,101,Poor,PM2.5,false,Valid,4.42,50.01,89.52,57.07,103.4,1251.7,31.32,28.18,75.82,10.36,7.29,24
2021-10-17,2021,10,Sunday,1,Ho Chi Minh City,173,Unhealthy,PM2.5,false,Valid,4.17,112.03,333.25,125.06,360.97,2345.4,30.0,45.58,85.83,44.63,18.88,24
2021-10-18,2021,10,Monday,2,Ho Chi Minh City,162,Unhealthy,PM2.5,false,Valid,4.75,96.95,359.55,114.66,397.74,1775.46,45.61,62.43,58.65,37.75,9.46,24
2021-10-19,2021,10,Tuesday,3,Ho Chi Minh City,159,Unhealthy,PM2.5,false,Valid,4.67,91.59,224.06,115.01,286.05,2230.25,42.07,58.07,40.41,44.21,11.45,24
2021-10-20,2021,10,Wednesday,4,Ho Chi Minh City,143,Poor,PM2.5,false,Valid,4.88,76.17,122.33,91.09,145.76,2023.3,40.03,81.16,0.04,69.94,11.15,24
2021-10-21,2021,10,Thursday,5,Ho Chi Minh City,165,Unhealthy,PM2.5,false,Valid,4.46,100.01,220.64,125.04,284.44,2519.53,37.59,59.37,16.09,58.94,14.14,24
2021-10-22,2021,10,Friday,6,Ho Chi Minh City,165,Unhealthy,PM2.5,false,Valid,4.63,101.25,251.52,120.88,304.56,2496.16,43.36,68.06,9.03,61.1,13.25,24
2021-10-23,2021,10,Saturday,7,Ho Chi Minh City,203,Very Unhealthy,PM2.5,true,Valid,4.13,152.94,498.51,173.89,565.71,3804.33,37.02,47.15,19.85,82.42,19.06,24
2021-10-24,2021,10,Sunday,1,Ho Chi Minh City,179,Unhealthy,PM2.5,false,Valid,4.67,120.18,264.05,136.44,305.04,2566.26,55.34,45.63,194.55,20.02,14.55,24
2021-10-25,2021,10,Monday,2,Ho Chi Minh City,169,Unhealthy,PM2.5,false,Valid,4.5,106.86,332.35,124.69,383.61,2483.93,51.75,62.08,28.25,50.03,13.26,24
2021-10-26,2021,10,Tuesday,3,Ho Chi Minh City,175,Unhealthy,PM2.5,false,Valid,4.33,115.15,336.0,134.99,395.61,2755.13,43.03,47.57,63.66,48.58,11.19,24
2021-10-27,2021,10,Wednesday,4,Ho Chi Minh City,189,Unhealthy,PM2.5,false,Valid,4.54,134.85,325.35,156.79,378.86,2977.37,40.02,47.92,46.49,58.94,11.87,24
2021-10-28,2021,10,Thursday,5,Ho Chi Minh City,113,Poor,PM2.5,false,Valid,4.67,57.66,112.88,71.18,134.35,1201.35,38.02,43.25,125.89,13.42,8.23,24
2021-10-29,2021,10,Friday,6,Ho Chi Minh City,151,Unhealthy,PM2.5,false,Valid,4.67,80.39,153.59,98.42,189.59,2123.99,45.61,65.04,42.92,43.4,13.34,24
2021-10-30,2021,10,Saturday,7,Ho Chi Minh City,130,Poor,PM2.5,false,Valid,4.67,68.09,125.68,85.14,148.54,1821.08,41.58,52.92,155.93,30.8,12.25,24
2021-10-31,2021,10,Sunday,1,Ho Chi Minh City,201,Very Unhealthy,PM2.5,true,Valid,4.71,150.92,420.26,170.48,467.98,3586.25,41.2,53.74,120.16,70.81,15.22,24
2021-11-01,2021,11,Monday,2,Ho Chi Minh City,124,Poor,PM2.5,false,Valid,4.46,64.52,153.86,79.18,191.62,1797.44,49.72,67.69,53.64,37.04,10.86,24
2021-11-02,2021,11,Tuesday,3,Ho Chi Minh City,202,Very Unhealthy,PM2.5,true,Valid,4.63,151.46,495.4,181.16,580.63,3407.96,52.33,58.02,76.53,59.09,15.18,24
2021-11-03,2021,11,Wednesday,4,Ho Chi Minh City,127,Poor,PM2.5,false,Valid,4.71,66.52,89.79,86.33,124.35,1714.55,47.85,54.49,100.14,22.52,11.42,24
2021-11-04,2021,11,Thursday,5,Ho Chi Minh City,118,Poor,PM2.5,false,Valid,3.96,60.56,125.3,80.54,156.05,1718.44,41.6,51.78,62.23,32.28,11.22,24
2021-11-05,2021,11,Friday,6,Ho Chi Minh City,157,Unhealthy,PM2.5,false,Valid,4.92,88.9,172.13,114.89,216.48,2417.72,49.24,68.17,3.58,55.0,12.88,24
2021-11-06,2021,11,Saturday,7,Ho Chi Minh City,184,Unhealthy,PM2.5,false,Valid,4.33,128.46,298.1,148.93,337.49,2970.42,45.5,61.93,31.11,64.73,18.72,24
2021-11-07,2021,11,Sunday,1,Ho Chi Minh City,162,Unhealthy,PM2.5,false,Valid,4.79,95.91,215.99,115.45,248.39,2071.14,41.83,55.45,171.66,38.66,12.68,24
2021-11-08,2021,11,Monday,2,Ho Chi Minh City,149,Poor,PM2.5,false,Valid,3.88,79.6,275.56,96.33,329.47,2229.13,35.47,46.13,100.14,40.73,11.24,24
2021-11-09,2021,11,Tuesday,3,Ho Chi Minh City,165,Unhealthy,PM2.5,false,Valid,4.88,100.39,164.23,117.94,197.25,2072.81,66.01,69.73,107.29,28.29,12.05,24
2021-11-10,2021,11,Wednesday,4,Ho Chi Minh City,169,Unhealthy,PM2.5,false,Valid,4.75,106.18,224.33,126.67,273.38,2542.89,44.5,49.15,47.92,39.95,16.56,24
2021-11-11,2021,11,Thursday,5,Ho Chi Minh City,267,Very Unhealthy,PM2.5,true,Valid,5.0,217.52,316.17,239.84,346.03,3968.71,70.17,112.06,0.94,117.57,15.27,24
2021-11-12,2021,11,Friday,6,Ho Chi Minh City,213,Very Unhealthy,PM2.5,true,Valid,5.0,163.11,279.24,184.01,305.43,3344.54,84.24,106.42,10.73,79.89,15.41,24
2021-11-13,2021,11,Saturday,7,Ho Chi Minh City,131,Poor,PM2.5,false,Valid,4.29,68.87,161.31,79.48,181.83,1696.19,44.44,46.19,70.1,22.44,9.25,24
2021-11-14,2021,11,Sunday,1,Ho Chi Minh City,197,Unhealthy,PM2.5,false,Valid,5.0,146.26,258.94,161.04,278.76,2891.7,73.22,102.44,10.1,86.76,13.42,24
2021-11-15,2021,11,Monday,2,Ho Chi Minh City,170,Unhealthy,PM2.5,false,Valid,4.46,107.41,295.34,124.99,321.2,2233.03,49.15,64.83,8.67,52.21,10.38,24
2021-11-16,2021,11,Tuesday,3,Ho Chi Minh City,155,Unhealthy,PM2.5,false,Valid,4.79,86.9,178.72,105.38,223.49,2324.82,44.78,74.64,3.35,58.09,12.96,24
2021-11-17,2021,11,Wednesday,4,Ho Chi Minh City,156,Unhealthy,PM2.5,false,Valid,4.71,87.81,193.98,102.2,222.44,2155.15,48.93,61.57,14.13,41.52,11.46,24
2021-11-18,2021,11,Thursday,5,Ho Chi Minh City,178,Unhealthy,PM2.5,false,Valid,5.0,119.61,290.74,136.68,334.07,2665.28,61.73,78.32,82.25,49.57,13.99,24
2021-11-19,2021,11,Friday,6,Ho Chi Minh City,166,Unhealthy,PM2.5,false,Valid,4.5,101.6,191.73,125.9,243.17,2451.66,51.52,56.34,70.81,38.68,13.75,24
2021-11-20,2021,11,Saturday,7,Ho Chi Minh City,281,Very Unhealthy,PM2.5,true,Valid,5.0,231.67,482.59,256.12,534.79,3999.31,52.13,64.82,37.91,83.28,22.1,24
2021-11-21,2021,11,Sunday,1,Ho Chi Minh City,171,Unhealthy,PM2.5,false,Valid,4.92,109.86,294.26,127.15,312.24,2318.14,50.48,64.67,92.98,45.52,11.1,24
2021-11-22,2021,11,Monday,2,Ho Chi Minh City,119,Poor,PM2.5,false,Valid,4.21,61.31,115.85,77.11,152.06,1666.7,37.76,53.96,11.62,37.63,10.28,24
2021-11-23,2021,11,Tuesday,3,Ho Chi Minh City,192,Unhealthy,PM2.5,false,Valid,4.75,139.55,303.3,161.02,353.33,2946.22,59.88,85.88,19.31,69.99,18.39,24
2021-11-24,2021,11,Wednesday,4,Ho Chi Minh City,175,Unhealthy,PM2.5,false,Valid,4.88,115.06,255.14,133.32,285.57,2344.29,54.45,66.03,48.64,43.57,13.5,24
2021-11-25,2021,11,Thursday,5,Ho Chi Minh City,168,Unhealthy,PM2.5,false,Valid,4.67,104.56,244.23,126.8,290.23,2653.32,57.44,75.0,50.07,50.71,14.46,24
2021-11-26,2021,11,Friday,6,Ho Chi Minh City,102,Poor,PM2.5,false,Valid,4.17,51.12,136.65,65.62,178.83,1468.1,36.31,37.41,134.47,17.64,10.38,24
2021-11-27,2021,11,Saturday,7,Ho Chi Minh City,75,Moderate,PM2.5,false,Valid,4.04,37.47,52.48,42.06,59.13,767.71,26.27,21.07,86.55,1.49,4.5,24
2021-11-28,2021,11,Sunday,1,Ho Chi Minh City,153,Unhealthy,PM2.5,false,Valid,4.04,83.73,193.89,98.19,226.95,2058.07,30.69,43.39,35.41,43.47,13.56,24
2021-11-29,2021,11,Monday,2,Ho Chi Minh City,121,Poor,PM2.5,false,Valid,4.08,62.44,173.65,75.01,204.43,1695.63,42.96,63.52,20.38,39.08,9.77,24
2021-11-30,2021,11,Tuesday,3,Ho Chi Minh City,77,Moderate,PM2.5,false,Valid,3.63,38.36,92.03,49.37,121.29,1264.49,33.77,42.69,14.48,23.99,8.01,24
2021-12-01,2021,12,Wednesday,4,Ho Chi Minh City,135,Poor,PM2.5,false,Valid,4.63,71.38,155.76,87.45,188.24,1597.44,47.93,43.45,100.14,13.26,11.12,24
2021-12-02,2021,12,Thursday,5,Ho Chi Minh City,163,Unhealthy,PM2.5,false,Valid,4.54,98.56,267.1,120.8,330.07,2294.78,51.92,52.39,94.41,29.47,14.98,24
2021-12-03,2021,12,Friday,6,Ho Chi Minh City,184,Unhealthy,PM2.5,false,Valid,4.46,128.12,486.14,159.09,594.92,2719.24,48.11,47.0,92.98,40.02,15.38,24
2021-12-04,2021,12,Saturday,7,Ho Chi Minh City,151,Unhealthy,PM2.5,false,Valid,4.71,80.73,196.99,106.2,248.88,1499.81,40.79,31.35,100.14,10.24,12.01,24
2021-12-05,2021,12,Sunday,1,Ho Chi Minh City,81,Moderate,PM2.5,false,Valid,4.17,40.64,66.14,51.87,85.39,953.24,27.28,22.23,134.47,6.24,8.8,24
2021-12-06,2021,12,Monday,2,Ho Chi Minh City,133,Poor,PM2.5,false,Valid,4.13,69.97,235.18,88.78,297.95,1783.25,39.91,36.47,114.44,20.8,11.34,24
2021-12-07,2021,12,Tuesday,3,Ho Chi Minh City,165,Unhealthy,PM2.5,false,Valid,4.5,101.05,254.31,127.77,320.96,2511.74,41.09,41.23,80.11,39.16,16.59,24
2021-12-08,2021,12,Wednesday,4,Ho Chi Minh City,229,Very Unhealthy,PM2.5,true,Valid,5.0,179.07,404.31,219.43,500.82,3903.07,63.16,73.15,131.61,64.54,20.38,24
2021-12-09,2021,12,Thursday,5,Ho Chi Minh City,197,Unhealthy,PM2.5,false,Valid,4.71,146.39,430.74,173.36,496.46,3088.36,58.54,57.65,104.43,47.11,15.7,24
2021-12-10,2021,12,Friday,6,Ho Chi Minh City,206,Very Unhealthy,PM2.5,true,Valid,4.46,155.12,488.62,198.34,621.52,3846.88,52.87,75.61,131.61,63.06,44.62,24
2021-12-11,2021,12,Saturday,7,Ho Chi Minh City,210,Very Unhealthy,PM2.5,true,Valid,4.71,159.77,482.39,196.2,568.95,3788.19,42.66,39.55,115.87,58.18,17.7,24
2021-12-12,2021,12,Sunday,1,Ho Chi Minh City,174,Unhealthy,PM2.5,false,Valid,4.63,113.68,291.07,142.84,369.84,2666.12,51.74,53.46,60.8,40.54,21.54,24
2021-12-13,2021,12,Monday,2,Ho Chi Minh City,79,Moderate,PM2.5,false,Valid,2.92,39.44,149.53,52.97,196.85,1321.24,45.78,42.25,84.4,10.51,11.85,24
2021-12-14,2021,12,Tuesday,3,Ho Chi Minh City,240,Very Unhealthy,PM2.5,true,Valid,4.63,189.89,535.74,232.15,652.7,3946.46,75.1,67.47,95.84,46.14,21.87,24
2021-12-15,2021,12,Wednesday,4,Ho Chi Minh City,179,Unhealthy,PM2.5,false,Valid,4.58,120.65,263.37,152.12,332.2,2462.79,64.48,72.68,74.39,41.78,17.18,24
2021-12-16,2021,12,Thursday,5,Ho Chi Minh City,163,Unhealthy,PM2.5,false,Valid,4.58,98.22,254.35,123.4,294.97,1858.07,66.2,84.92,85.83,38.45,12.98,24
2021-12-17,2021,12,Friday,6,Ho Chi Minh City,174,Unhealthy,PM2.5,false,Valid,4.71,113.91,243.73,142.21,303.8,2396.03,52.51,54.86,94.41,40.37,13.38,24
2021-12-18,2021,12,Saturday,7,Ho Chi Minh City,33,Good,PM2.5,false,Valid,2.29,16.86,28.19,21.7,36.97,636.98,19.93,21.06,90.12,2.49,6.15,24
2021-12-19,2021,12,Sunday,1,Ho Chi Minh City,130,Poor,PM2.5,false,Valid,4.25,68.05,120.99,78.68,139.72,1466.71,28.69,20.55,123.02,8.01,11.52,24
2021-12-20,2021,12,Monday,2,Ho Chi Minh City,214,Very Unhealthy,PM2.5,true,Valid,4.88,163.26,387.9,191.87,463.87,2852.48,57.99,48.57,154.5,27.82,17.91,24
2021-12-21,2021,12,Tuesday,3,Ho Chi Minh City,160,Unhealthy,PM2.5,false,Valid,4.88,93.24,251.81,110.95,284.3,1312.34,44.25,46.58,117.3,8.26,8.83,24
2021-12-22,2021,12,Wednesday,4,Ho Chi Minh City,139,Poor,PM2.5,false,Valid,4.67,73.57,118.6,86.75,142.26,1428.88,54.04,59.68,134.47,17.37,8.63,24
2021-12-23,2021,12,Thursday,5,Ho Chi Minh City,119,Poor,PM2.5,false,Valid,4.38,61.4,115.96,75.06,135.97,1340.71,47.04,55.81,121.59,18.79,9.42,24
2021-12-24,2021,12,Friday,6,Ho Chi Minh City,124,Poor,PM2.5,false,Valid,4.92,64.3,103.63,81.35,132.93,1213.31,50.6,60.6,127.32,12.91,10.13,24
2021-12-25,2021,12,Saturday,7,Ho Chi Minh City,156,Unhealthy,PM2.5,false,Valid,4.88,88.36,140.37,107.43,151.64,1460.87,37.86,41.97,266.08,14.56,10.69,24
2021-12-26,2021,12,Sunday,1,Ho Chi Minh City,116,Poor,PM2.5,false,Valid,4.58,59.76,119.23,75.01,140.52,1284.52,43.16,42.31,127.32,9.35,10.88,24
2021-12-27,2021,12,Monday,2,Ho Chi Minh City,164,Unhealthy,PM2.5,false,Valid,5.0,99.0,162.83,113.71,187.03,1771.85,70.35,70.53,81.54,18.57,10.37,24
2021-12-28,2021,12,Tuesday,3,Ho Chi Minh City,97,Moderate,PM2.5,false,Valid,4.38,48.52,80.52,61.46,98.93,1421.09,42.64,49.06,82.97,20.09,9.56,24
2021-12-29,2021,12,Wednesday,4,Ho Chi Minh City,139,Poor,PM2.5,false,Valid,3.88,73.27,239.03,96.59,305.56,2332.61,48.57,53.63,59.37,38.38,16.24,24
2021-12-30,2021,12,Thursday,5,Ho Chi Minh City,51,Moderate,PM2.5,false,Valid,2.96,25.43,55.65,34.44,74.39,944.34,39.47,43.79,88.69,8.74,10.51,24
2021-12-31,2021,12,Friday,6,Ho Chi Minh City,90,Moderate,PM2.5,false,Valid,4.17,45.33,103.32,59.78,138.75,1324.57,53.05,50.37,133.04,8.83,14.24,24
2022-01-01,2022,1,Saturday,7,Ho Chi Minh City,108,Poor,Ozone,false,Valid,4.46,52.83,87.19,66.39,111.55,1246.13,44.92,45.21,214.58,6.81,12.86,24
2022-01-02,2022,1,Sunday,1,Ho Chi Minh City,101,Poor,PM2.5,false,Valid,4.5,50.25,67.83,65.74,93.34,1206.64,48.12,54.58,200.27,13.06,14.1,24
2022-01-03,2022,1,Monday,2,Ho Chi Minh City,116,Poor,PM2.5,false,Valid,4.67,59.21,86.73,79.87,117.8,1532.91,59.76,79.75,115.87,28.87,17.28,24
2022-01-04,2022,1,Tuesday,3,Ho Chi Minh City,172,Unhealthy,PM2.5,false,Valid,5.0,110.72,194.92,135.75,229.02,2185.74,72.44,81.94,98.71,36.81,14.48,24
2022-01-05,2022,1,Wednesday,4,Ho Chi Minh City,173,Unhealthy,PM2.5,false,Valid,5.0,112.01,208.38,135.74,244.79,2127.89,82.28,91.26,57.94,36.5,13.46,24
2022-01-06,2022,1,Thursday,5,Ho Chi Minh City,229,Very Unhealthy,PM2.5,true,Valid,5.0,178.45,372.8,213.03,431.41,2975.7,84.43,88.16,92.98,46.3,24.31,24
2022-01-07,2022,1,Friday,6,Ho Chi Minh City,155,Unhealthy,PM2.5,false,Valid,4.63,87.03,377.81,108.68,426.27,1680.33,46.91,52.1,214.58,21.58,12.97,24
2022-01-08,2022,1,Saturday,7,Ho Chi Minh City,109,Poor,PM2.5,false,Valid,4.17,55.36,150.64,70.82,194.68,1143.77,31.52,32.7,173.09,10.42,9.43,24
2022-01-09,2022,1,Sunday,1,Ho Chi Minh City,104,Poor,PM2.5,false,Valid,4.29,52.06,183.07,66.06,217.35,991.07,35.45,40.41,158.79,11.3,7.63,24
2022-01-10,2022,1,Monday,2,Ho Chi Minh City,84,Moderate,PM2.5,false,Valid,4.25,41.9,84.44,57.47,109.38,1018.88,46.28,54.56,57.22,10.24,9.82,24
2022-01-11,2022,1,Tuesday,3,Ho Chi Minh City,86,Moderate,PM2.5,false,Valid,4.21,43.04,90.86,59.57,122.56,1022.5,41.46,55.79,174.52,14.97,11.35,24
2022-01-12,2022,1,Wednesday,4,Ho Chi Minh City,121,Poor,PM2.5,false,Valid,4.71,62.44,93.19,80.34,116.14,1278.4,45.01,61.47,220.3,15.03,12.26,24
2022-01-13,2022,1,Thursday,5,Ho Chi Minh City,153,Unhealthy,PM2.5,false,Valid,4.92,83.37,130.72,107.86,171.43,1542.65,51.79,62.76,174.52,16.49,12.32,24
2022-01-14,2022,1,Friday,6,Ho Chi Minh City,165,Unhealthy,PM2.5,false,Valid,4.75,100.04,208.93,125.37,253.49,1898.69,53.98,62.08,243.19,15.95,15.92,24
2022-01-15,2022,1,Saturday,7,Ho Chi Minh City,125,Poor,PM2.5,false,Valid,4.58,65.12,234.01,85.23,293.83,1240.85,36.11,42.94,240.33,10.69,10.0,24
2022-01-16,2022,1,Sunday,1,Ho Chi Minh City,94,Moderate,PM2.5,false,Valid,4.25,47.02,86.04,61.62,113.75,977.16,33.62,39.6,191.69,7.6,9.23,24
2022-01-17,2022,1,Monday,2,Ho Chi Minh City,101,Poor,PM2.5,false,Valid,4.38,50.34,86.61,67.32,114.15,1204.13,47.12,56.53,79.39,15.33,11.66,24
2022-01-18,2022,1,Tuesday,3,Ho Chi Minh City,122,Poor,PM2.5,false,Valid,4.08,63.03,142.05,83.56,183.19,1399.96,47.2,47.46,111.58,18.91,11.41,24
2022-01-19,2022,1,Wednesday,4,Ho Chi Minh City,128,Poor,PM2.5,false,Valid,4.58,66.55,143.58,86.65,187.08,1403.01,52.91,56.62,123.02,15.09,12.77,24
2022-01-20,2022,1,Thursday,5,Ho Chi Minh City,124,Poor,PM2.5,false,Valid,4.54,64.38,151.54,83.16,196.02,1275.06,43.58,50.05,171.66,12.35,10.99,24
2022-01-21,2022,1,Friday,6,Ho Chi Minh City,145,Poor,PM2.5,false,Valid,4.42,77.13,145.13,97.33,192.2,1226.66,48.43,62.09,277.52,16.06,10.47,24
2022-01-22,2022,1,Saturday,7,Ho Chi Minh City,122,Poor,Ozone,false,Valid,3.92,51.18,112.58,65.56,126.01,879.25,36.87,50.93,243.19,8.79,7.96,24
2022-01-23,2022,1,Sunday,1,Ho Chi Minh City,,N/A,,false,Insufficient Data (<75%),4.0,28.45,28.45,42.45,42.45,694.27,40.78,42.92,16.81,0.79,6.65,1
2022-01-24,2022,1,Monday,2,Ho Chi Minh City,83,Moderate,PM2.5,false,Valid,4.13,41.63,91.38,56.6,114.37,1121.81,56.04,72.42,24.68,21.35,10.81,23
2022-01-25,2022,1,Tuesday,3,Ho Chi Minh City,94,Moderate,PM2.5,false,Valid,4.33,47.37,89.16,62.05,112.96,1036.96,48.34,65.84,113.01,20.14,9.63,24
2022-01-26,2022,1,Wednesday,4,Ho Chi Minh City,104,Poor,PM2.5,false,Valid,4.42,52.06,86.3,67.33,100.99,939.88,36.34,41.86,197.41,9.92,7.66,24
2022-01-27,2022,1,Thursday,5,Ho Chi Minh City,97,Moderate,PM2.5,false,Valid,4.46,48.91,81.28,65.67,96.36,926.81,38.75,45.27,163.08,9.98,8.28,24
2022-01-28,2022,1,Friday,6,Ho Chi Minh City,77,Moderate,PM2.5,false,Valid,4.04,38.41,67.29,54.01,92.41,1045.31,37.44,38.31,80.11,8.88,11.28,24
2022-01-29,2022,1,Saturday,7,Ho Chi Minh City,67,Moderate,PM2.5,false,Valid,3.88,33.61,49.32,45.92,61.85,739.89,26.71,30.32,168.8,2.72,7.82,24
2022-01-30,2022,1,Sunday,1,Ho Chi Minh City,53,Moderate,PM2.5,false,Valid,3.5,26.19,39.51,36.47,54.53,642.54,28.51,28.29,134.47,0.71,5.68,24
2022-01-31,2022,1,Monday,2,Ho Chi Minh City,54,Moderate,PM2.5,false,Valid,3.5,26.97,37.83,41.89,54.34,691.22,30.41,34.92,145.91,3.38,6.17,24
2022-02-01,2022,2,Tuesday,3,Ho Chi Minh City,47,Good,PM2.5,false,Valid,3.17,23.64,41.65,39.88,64.48,741.56,33.13,40.98,127.32,5.93,7.98,24
2022-02-02,2022,2,Wednesday,4,Ho Chi Minh City,82,Moderate,PM2.5,false,Valid,3.92,40.84,71.53,55.96,95.07,1000.52,39.07,49.98,104.43,11.75,9.86,24
2022-02-03,2022,2,Thursday,5,Ho Chi Minh City,123,Poor,Ozone,false,Valid,4.54,58.73,104.27,75.16,136.09,1178.82,42.25,57.82,246.05,14.25,11.24,24
2022-02-04,2022,2,Friday,6,Ho Chi Minh City,118,Poor,PM2.5,false,Valid,4.46,60.59,95.05,78.26,124.52,1364.07,52.87,61.81,127.32,14.73,14.3,24
2022-02-05,2022,2,Saturday,7,Ho Chi Minh City,89,Moderate,PM2.5,false,Valid,4.0,44.56,153.22,56.5,180.74,1157.12,48.14,55.09,171.66,9.53,13.64,24
2022-02-06,2022,2,Sunday,1,Ho Chi Minh City,57,Moderate,PM2.5,false,Valid,3.21,28.24,79.41,37.97,104.89,942.11,40.21,48.64,86.55,12.12,11.77,24
2022-02-07,2022,2,Monday,2,Ho Chi Minh City,76,Moderate,PM2.5,false,Valid,3.25,37.85,116.65,51.37,151.94,1018.32,42.44,62.29,164.51,18.28,11.94,24
2022-02-08,2022,2,Tuesday,3,Ho Chi Minh City,79,Moderate,Ozone,false,Valid,3.04,26.62,55.95,37.04,76.19,832.8,36.24,50.57,183.11,10.89,10.63,24
2022-02-09,2022,2,Wednesday,4,Ho Chi Minh City,61,Moderate,PM2.5,false,Valid,3.5,30.38,70.29,42.59,94.58,939.61,39.36,49.67,133.04,9.54,10.96,24
2022-02-10,2022,2,Thursday,5,Ho Chi Minh City,60,Moderate,PM2.5,false,Valid,3.33,29.74,54.99,42.88,76.78,945.45,41.7,56.07,104.43,13.65,11.27,24
2022-02-11,2022,2,Friday,6,Ho Chi Minh City,73,Moderate,PM2.5,false,Valid,3.58,36.47,93.08,49.37,120.86,985.5,44.45,54.68,144.48,9.45,11.28,24
2022-02-12,2022,2,Saturday,7,Ho Chi Minh City,45,Good,PM2.5,false,Valid,2.79,22.78,40.13,31.77,53.44,724.04,32.89,40.16,131.61,5.99,8.9,24
2022-02-13,2022,2,Sunday,1,Ho Chi Minh City,43,Good,PM2.5,false,Valid,2.71,21.54,35.22,30.99,49.26,758.53,34.12,43.3,85.12,9.95,7.97,24
2022-02-14,2022,2,Monday,2,Ho Chi Minh City,102,Poor,PM2.5,false,Valid,4.13,50.69,125.12,66.22,151.17,1130.98,45.93,70.18,107.29,26.93,11.12,24
2022-02-15,2022,2,Tuesday,3,Ho Chi Minh City,95,Moderate,PM2.5,false,Valid,3.38,47.67,183.99,58.98,218.84,965.48,41.9,52.09,157.36,15.96,8.08,24
2022-02-16,2022,2,Wednesday,4,Ho Chi Minh City,59,Moderate,PM2.5,false,Valid,3.58,29.28,47.71,38.75,60.46,709.57,33.19,36.66,120.16,2.96,5.94,24
2022-02-17,2022,2,Thursday,5,Ho Chi Minh City,47,Good,PM2.5,false,Valid,3.0,23.79,44.88,33.58,60.82,675.08,33.78,34.65,95.84,2.95,5.75,24
2022-02-18,2022,2,Friday,6,Ho Chi Minh City,54,Moderate,PM2.5,false,Valid,3.29,26.97,41.25,38.72,55.03,643.09,29.75,30.9,118.73,3.08,5.58,24
2022-02-19,2022,2,Saturday,7,Ho Chi Minh City,70,Moderate,Ozone,false,Valid,3.88,31.35,42.86,42.75,55.27,685.37,32.12,35.85,175.95,3.44,6.34,24
2022-02-20,2022,2,Sunday,1,Ho Chi Minh City,,N/A,,false,Insufficient Data (<75%),5.0,51.11,51.11,65.7,65.7,847.82,43.87,48.16,3.84,3.63,7.47,1
2022-02-21,2022,2,Monday,2,Ho Chi Minh City,160,Unhealthy,PM2.5,false,Valid,5.0,92.94,177.29,110.13,208.29,1645.13,68.95,76.92,114.44,16.85,12.39,23
2022-02-22,2022,2,Tuesday,3,Ho Chi Minh City,155,Unhealthy,PM2.5,false,Valid,4.92,86.33,141.69,103.6,171.34,1631.38,62.03,70.41,214.58,16.5,11.67,24
2022-02-23,2022,2,Wednesday,4,Ho Chi Minh City,155,Unhealthy,PM2.5,false,Valid,4.67,86.02,177.83,105.1,226.06,1730.68,66.22,66.11,173.09,13.32,12.6,24
2022-02-24,2022,2,Thursday,5,Ho Chi Minh City,58,Moderate,PM2.5,false,Valid,3.21,28.86,61.22,37.82,78.36,981.61,45.95,52.39,108.72,7.87,11.15,24
2022-02-25,2022,2,Friday,6,Ho Chi Minh City,64,Moderate,PM2.5,false,Valid,3.58,31.85,44.76,40.97,57.45,988.84,41.8,45.04,124.45,5.17,11.64,24
2022-02-26,2022,2,Saturday,7,Ho Chi Minh City,60,Moderate,PM2.5,false,Valid,3.5,29.81,64.85,40.72,81.3,902.06,35.04,40.62,164.51,7.38,11.13,24
2022-02-27,2022,2,Sunday,1,Ho Chi Minh City,51,Moderate,Ozone,false,Valid,2.83,23.04,55.64,32.25,72.22,757.7,32.1,41.5,160.22,6.65,9.36,24
2022-02-28,2022,2,Monday,2,Ho Chi Minh City,45,Good,PM2.5,false,Valid,2.71,22.68,56.59,32.73,76.69,784.67,35.77,46.96,121.59,8.25,9.71,24
2022-03-01,2022,3,Tuesday,3,Ho Chi Minh City,101,Poor,Ozone,false,Valid,3.08,24.74,40.28,35.88,49.8,751.02,31.75,46.57,200.27,7.74,9.44,24
2022-03-02,2022,3,Wednesday,4,Ho Chi Minh City,68,Moderate,PM2.5,false,Valid,3.96,33.74,49.31,49.37,69.93,978.55,43.38,63.8,123.02,16.26,13.33,24
2022-03-03,2022,3,Thursday,5,Ho Chi Minh City,161,Unhealthy,Ozone,false,Valid,4.04,61.55,132.12,78.33,145.91,1023.05,37.66,54.56,320.43,15.73,11.38,24
2022-03-04,2022,3,Friday,6,Ho Chi Minh City,75,Moderate,PM2.5,false,Valid,3.08,37.29,137.55,52.45,173.64,951.29,39.46,46.1,135.9,10.57,10.6,24
2022-03-05,2022,3,Saturday,7,Ho Chi Minh City,35,Good,Ozone,false,Valid,2.17,15.91,28.11,24.32,41.09,538.23,24.54,28.12,114.44,3.72,5.6,24
2022-03-06,2022,3,Sunday,1,Ho Chi Minh City,41,Good,Ozone,false,Valid,2.33,16.5,33.79,25.54,46.34,550.89,24.51,29.11,131.61,4.02,5.35,24
2022-03-07,2022,3,Monday,2,Ho Chi Minh City,47,Good,PM2.5,false,Valid,2.83,23.78,48.16,35.45,67.73,710.69,32.45,43.26,97.27,10.38,7.68,24
2022-03-08,2022,3,Tuesday,3,Ho Chi Minh City,182,Unhealthy,Ozone,false,Valid,4.33,57.52,150.32,72.68,164.49,942.94,39.08,54.67,363.35,8.29,9.43,24
2022-03-09,2022,3,Wednesday,4,Ho Chi Minh City,83,Moderate,PM2.5,false,Valid,4.25,41.51,74.75,61.82,99.99,827.51,37.71,43.71,130.18,4.4,8.68,24
2022-03-10,2022,3,Thursday,5,Ho Chi Minh City,92,Moderate,PM2.5,false,Valid,3.96,46.08,99.78,68.52,135.71,967.7,45.47,50.46,163.08,4.3,10.15,24
2022-03-11,2022,3,Friday,6,Ho Chi Minh City,123,Poor,Ozone,false,Valid,3.96,49.57,120.53,70.65,161.78,935.71,41.38,50.32,246.05,8.71,9.28,24
2022-03-12,2022,3,Saturday,7,Ho Chi Minh City,54,Moderate,Ozone,false,Valid,2.88,22.92,65.36,34.59,88.31,648.1,30.67,34.33,163.08,1.86,7.88,24
2022-03-13,2022,3,Sunday,1,Ho Chi Minh City,36,Good,Ozone,false,Valid,1.71,10.94,21.07,17.29,29.95,491.78,22.18,24.82,115.87,2.24,4.73,24
2022-03-14,2022,3,Monday,2,Ho Chi Minh City,30,Good,PM2.5,false,Valid,1.88,15.04,20.09,24.42,32.94,579.95,31.02,31.85,64.37,2.0,5.54,24
2022-03-15,2022,3,Tuesday,3,Ho Chi Minh City,28,Good,PM2.5,false,Valid,2.13,14.29,21.69,24.38,34.6,549.63,32.06,31.05,39.7,2.1,5.28,24
2022-03-16,2022,3,Wednesday,4,Ho Chi Minh City,29,Good,PM2.5,false,Valid,1.96,14.81,22.71,24.6,36.46,596.64,30.05,34.16,33.62,6.98,5.84,24
2022-03-17,2022,3,Thursday,5,Ho Chi Minh City,36,Good,Ozone,false,Valid,2.5,17.91,27.25,29.34,41.43,689.68,32.4,41.1,117.3,8.66,7.53,24
2022-03-18,2022,3,Friday,6,Ho Chi Minh City,116,Poor,Ozone,false,Valid,3.67,34.9,61.97,45.49,70.1,906.79,43.16,51.08,231.74,8.26,8.33,24
2022-03-19,2022,3,Saturday,7,Ho Chi Minh City,72,Moderate,PM2.5,false,Valid,3.21,35.81,86.33,46.61,99.9,817.22,41.46,46.28,145.91,7.23,6.94,24
2022-03-20,2022,3,Sunday,1,Ho Chi Minh City,28,Good,PM2.5,false,Valid,1.88,14.14,54.6,19.99,76.12,533.78,25.69,27.73,70.81,5.13,4.63,24
2022-03-21,2022,3,Monday,2,Ho Chi Minh City,31,Good,PM2.5,false,Valid,2.04,15.67,23.48,21.94,32.42,621.12,27.57,31.16,26.46,8.88,4.99,24
2022-03-22,2022,3,Tuesday,3,Ho Chi Minh City,52,Moderate,PM2.5,false,Valid,3.13,25.85,67.05,36.12,88.47,821.11,31.27,36.82,35.76,13.27,6.76,24
2022-03-23,2022,3,Wednesday,4,Ho Chi Minh City,99,Moderate,PM2.5,false,Valid,3.58,49.74,111.8,67.63,149.27,1403.57,35.47,49.88,52.21,30.08,10.15,24
2022-03-24,2022,3,Thursday,5,Ho Chi Minh City,61,Moderate,PM2.5,false,Valid,3.38,30.43,53.53,41.62,68.21,825.84,31.93,42.3,133.04,15.32,6.93,24
2022-03-25,2022,3,Friday,6,Ho Chi Minh City,65,Moderate,PM2.5,false,Valid,3.54,32.49,75.31,44.89,97.75,809.85,28.71,36.43,141.62,12.43,7.45,24
2022-03-26,2022,3,Saturday,7,Ho Chi Minh City,130,Poor,Ozone,false,Valid,4.13,41.08,88.99,52.24,115.07,812.21,32.91,43.95,260.35,10.43,7.94,24
2022-03-27,2022,3,Sunday,1,Ho Chi Minh City,134,Poor,Ozone,false,Valid,4.29,63.4,139.95,74.34,166.86,1067.84,39.45,48.63,268.94,12.32,9.97,24
2022-03-28,2022,3,Monday,2,Ho Chi Minh City,158,Unhealthy,Ozone,false,Valid,4.71,78.06,149.74,95.66,180.4,1485.35,62.92,85.87,314.71,29.29,12.67,24
2022-03-29,2022,3,Tuesday,3,Ho Chi Minh City,170,Unhealthy,PM2.5,false,Valid,5.0,108.0,165.51,119.18,178.33,1382.15,56.7,61.5,288.96,8.63,7.44,24
2022-03-30,2022,3,Wednesday,4,Ho Chi Minh City,139,Poor,PM2.5,false,Valid,4.13,73.59,164.34,83.87,186.95,1557.11,52.0,61.63,124.45,33.93,8.91,24
2022-03-31,2022,3,Thursday,5,Ho Chi Minh City,113,Poor,PM2.5,false,Valid,4.63,57.49,100.91,67.84,117.01,1357.12,43.97,61.21,39.34,23.71,9.77,24
2022-04-01,2022,4,Friday,6,Ho Chi Minh City,56,Moderate,PM2.5,false,Valid,3.38,28.01,49.53,38.31,67.41,979.38,33.77,41.05,64.37,15.43,6.87,24
2022-04-02,2022,4,Saturday,7,Ho Chi Minh City,73,Moderate,PM2.5,false,Valid,3.29,36.6,115.68,45.75,143.01,1217.48,33.7,29.39,75.1,10.91,7.34,24
2022-04-03,2022,4,Sunday,1,Ho Chi Minh City,156,Unhealthy,PM2.5,false,Valid,4.42,87.42,202.0,102.04,232.3,2002.44,57.43,44.94,191.69,5.13,12.59,24
2022-04-04,2022,4,Monday,2,Ho Chi Minh City,155,Unhealthy,PM2.5,false,Valid,4.71,85.94,164.29,103.66,205.87,1838.05,56.35,63.1,167.37,19.78,11.21,24
2022-04-05,2022,4,Tuesday,3,Ho Chi Minh City,194,Unhealthy,PM2.5,false,Valid,4.96,142.11,246.43,160.06,273.94,2293.11,86.21,86.52,243.19,24.48,13.78,24
2022-04-06,2022,4,Wednesday,4,Ho Chi Minh City,172,Unhealthy,PM2.5,false,Valid,4.5,110.42,215.52,127.18,250.63,1802.45,60.78,51.34,144.48,5.4,11.5,24
2022-04-07,2022,4,Thursday,5,Ho Chi Minh City,168,Unhealthy,PM2.5,false,Valid,5.0,104.7,160.99,121.26,189.23,1588.82,58.21,50.56,137.33,2.9,10.33,24
2022-04-08,2022,4,Friday,6,Ho Chi Minh City,127,Poor,PM2.5,false,Valid,4.83,66.1,127.25,77.19,142.97,1224.44,38.61,32.54,130.18,1.77,8.72,24
2022-04-09,2022,4,Saturday,7,Ho Chi Minh City,82,Moderate,PM2.5,false,Valid,4.0,41.02,61.41,48.71,75.04,922.08,36.87,35.8,59.37,2.37,7.82,24
2022-04-10,2022,4,Sunday,1,Ho Chi Minh City,90,Moderate,PM2.5,false,Valid,4.21,44.95,106.08,56.26,126.67,938.22,38.8,48.07,163.08,9.76,8.2,24
2022-04-11,2022,4,Monday,2,Ho Chi Minh City,96,Moderate,PM2.5,false,Valid,3.88,48.14,104.63,65.17,130.21,1246.13,38.37,45.1,82.25,19.81,10.24,24
2022-04-12,2022,4,Tuesday,3,Ho Chi Minh City,130,Poor,PM2.5,false,Valid,4.67,68.29,145.95,87.01,177.55,1533.75,44.17,56.46,78.68,24.73,12.64,24
2022-04-13,2022,4,Wednesday,4,Ho Chi Minh City,138,Poor,PM2.5,false,Valid,4.96,73.25,102.55,88.48,130.81,1330.41,44.83,56.31,200.27,17.75,10.65,24
2022-04-14,2022,4,Thursday,5,Ho Chi Minh City,128,Poor,PM2.5,false,Valid,4.83,67.06,102.39,82.19,119.13,1553.77,53.01,66.7,25.39,29.17,11.74,24
2022-04-15,2022,4,Friday,6,Ho Chi Minh City,168,Unhealthy,PM2.5,false,Valid,4.67,104.9,309.16,126.75,379.15,2364.32,50.49,66.04,67.23,35.97,13.34,24
2022-04-16,2022,4,Saturday,7,Ho Chi Minh City,177,Unhealthy,PM2.5,false,Valid,4.46,117.81,419.33,135.18,463.22,2629.12,38.84,50.43,85.83,50.34,12.66,24
2022-04-17,2022,4,Sunday,1,Ho Chi Minh City,55,Moderate,PM2.5,false,Valid,3.33,27.16,43.61,37.42,63.57,814.99,32.6,36.23,89.41,6.04,6.16,24
2022-04-18,2022,4,Monday,2,Ho Chi Minh City,85,Moderate,PM2.5,false,Valid,3.88,42.84,73.63,60.08,104.96,1312.33,39.0,49.0,62.23,18.78,11.15,24
2022-04-19,2022,4,Tuesday,3,Ho Chi Minh City,145,Poor,Ozone,false,Valid,4.58,64.6,121.51,84.86,157.99,1314.28,40.03,47.11,291.82,15.9,10.1,24
2022-04-20,2022,4,Wednesday,4,Ho Chi Minh City,126,Poor,PM2.5,false,Valid,4.58,65.42,137.33,85.52,177.06,1694.52,51.67,57.8,71.53,23.2,11.51,24
2022-04-21,2022,4,Thursday,5,Ho Chi Minh City,106,Poor,Ozone,false,Valid,3.63,40.16,130.26,54.71,168.15,971.04,37.21,43.36,211.72,8.74,7.68,24
2022-04-22,2022,4,Friday,6,Ho Chi Minh City,58,Moderate,PM2.5,false,Valid,3.58,28.98,43.82,41.3,62.75,796.08,35.22,42.08,145.91,6.47,7.51,24
2022-04-23,2022,4,Saturday,7,Ho Chi Minh City,74,Moderate,PM2.5,false,Valid,3.58,36.85,87.66,49.66,111.94,955.46,33.38,36.43,118.73,12.41,7.84,24
2022-04-24,2022,4,Sunday,1,Ho Chi Minh City,114,Poor,PM2.5,false,Valid,4.13,58.48,116.73,74.68,142.17,1393.28,40.28,52.48,120.16,30.84,9.59,24
2022-04-25,2022,4,Monday,2,Ho Chi Minh City,75,Moderate,PM2.5,false,Valid,3.58,37.4,79.11,49.97,108.53,920.69,36.83,41.17,50.07,11.21,8.37,24
2022-04-26,2022,4,Tuesday,3,Ho Chi Minh City,123,Poor,PM2.5,false,Valid,4.5,63.87,127.01,80.74,153.21,1477.56,39.76,61.79,46.49,33.83,12.46,24
2022-04-27,2022,4,Wednesday,4,Ho Chi Minh City,143,Poor,PM2.5,false,Valid,4.5,75.9,172.05,88.54,194.86,1239.74,50.45,66.18,208.85,17.88,10.48,24
2022-04-28,2022,4,Thursday,5,Ho Chi Minh City,59,Moderate,PM2.5,false,Valid,3.08,29.37,80.69,38.78,94.9,754.36,35.46,45.03,68.66,12.96,7.18,24
2022-04-29,2022,4,Friday,6,Ho Chi Minh City,229,Very Unhealthy,PM2.5,true,Valid,5.0,178.3,355.4,194.06,378.01,2763.19,111.04,120.06,168.8,50.04,9.36,24
2022-04-30,2022,4,Saturday,7,Ho Chi Minh City,132,Poor,PM2.5,false,Valid,3.75,69.19,371.0,79.67,395.47,1351.28,45.44,56.11,51.5,29.46,7.17,24
2022-05-01,2022,5,Sunday,1,Ho Chi Minh City,134,Poor,PM2.5,false,Valid,3.83,70.43,202.25,84.37,236.4,1873.1,28.42,41.54,15.56,36.41,10.47,24
2022-05-02,2022,5,Monday,2,Ho Chi Minh City,151,Unhealthy,PM2.5,false,Valid,3.83,80.45,214.16,96.76,253.78,2178.79,39.63,76.91,13.23,60.46,13.39,24
2022-05-03,2022,5,Tuesday,3,Ho Chi Minh City,119,Poor,PM2.5,false,Valid,4.25,61.28,141.69,71.74,165.09,1544.87,53.02,51.29,27.89,20.0,8.11,24
2022-05-04,2022,5,Wednesday,4,Ho Chi Minh City,152,Unhealthy,PM2.5,false,Valid,4.83,82.36,159.01,93.55,177.44,1715.1,74.94,69.92,44.35,15.24,9.43,24
2022-05-05,2022,5,Thursday,5,Ho Chi Minh City,92,Moderate,PM2.5,false,Valid,3.71,46.24,112.62,57.35,131.28,1045.58,45.65,53.38,140.19,9.81,7.56,24
2022-05-06,2022,5,Friday,6,Ho Chi Minh City,44,Good,PM2.5,false,Valid,3.0,22.37,37.39,32.09,56.67,737.67,32.07,36.44,64.37,9.28,6.22,24
2022-05-07,2022,5,Saturday,7,Ho Chi Minh City,53,Moderate,PM2.5,false,Valid,3.25,26.04,45.33,32.6,56.87,641.7,29.2,32.26,43.63,3.2,5.81,24
2022-05-08,2022,5,Sunday,1,Ho Chi Minh City,47,Good,PM2.5,false,Valid,3.17,23.62,40.78,30.22,53.32,667.57,31.46,32.55,32.9,3.39,5.09,24
2022-05-09,2022,5,Monday,2,Ho Chi Minh City,59,Moderate,PM2.5,false,Valid,3.33,29.14,46.81,38.6,61.23,711.24,32.75,37.5,48.64,9.06,6.14,24
2022-05-10,2022,5,Tuesday,3,Ho Chi Minh City,80,Moderate,PM2.5,false,Valid,3.92,40.27,68.75,54.18,96.91,1010.82,36.29,47.64,41.48,20.04,8.01,24
2022-05-11,2022,5,Wednesday,4,Ho Chi Minh City,166,Unhealthy,PM2.5,false,Valid,4.0,101.96,306.23,118.74,329.13,2220.23,31.2,66.88,10.55,68.82,16.79,24
2022-05-12,2022,5,Thursday,5,Ho Chi Minh City,205,Very Unhealthy,PM2.5,true,Valid,4.79,154.05,357.64,179.44,387.57,2975.98,38.88,79.91,1.05,91.13,15.86,24
2022-05-13,2022,5,Friday,6,Ho Chi Minh City,117,Poor,PM2.5,false,Valid,4.54,59.89,114.26,74.08,134.66,1478.11,33.44,38.49,113.01,17.16,10.11,24
2022-05-14,2022,5,Saturday,7,Ho Chi Minh City,129,Poor,PM2.5,false,Valid,4.38,67.57,127.84,82.0,160.55,1613.86,31.64,35.64,98.71,18.6,10.43,24
2022-05-15,2022,5,Sunday,1,Ho Chi Minh City,144,Poor,PM2.5,false,Valid,4.5,76.65,135.4,87.21,154.24,1381.32,50.57,52.7,115.87,19.41,9.17,24
2022-05-16,2022,5,Monday,2,Ho Chi Minh City,212,Very Unhealthy,PM2.5,true,Valid,4.71,161.44,378.96,187.16,425.3,3144.82,39.47,100.69,1.3,99.83,29.54,24
2022-05-17,2022,5,Tuesday,3,Ho Chi Minh City,113,Poor,PM2.5,false,Valid,4.58,57.39,133.04,70.89,155.7,1495.92,38.53,67.67,0.61,42.87,9.58,24
2022-05-18,2022,5,Wednesday,4,Ho Chi Minh City,141,Poor,PM2.5,false,Valid,4.71,74.63,154.34,92.24,190.16,2139.57,38.46,71.45,5.68,53.32,13.42,24
2022-05-19,2022,5,Thursday,5,Ho Chi Minh City,195,Unhealthy,PM2.5,false,Valid,4.92,144.06,351.89,159.49,373.78,2950.11,47.92,83.66,2.64,86.91,16.0,24
2022-05-20,2022,5,Friday,6,Ho Chi Minh City,310,Hazardous,PM2.5,true,Valid,4.13,261.94,757.53,289.44,824.59,5417.62,42.94,69.22,34.33,112.14,31.62,24
2022-05-21,2022,5,Saturday,7,Ho Chi Minh City,51,Moderate,PM2.5,false,Valid,2.67,25.05,114.57,30.41,127.69,798.86,22.32,23.3,19.31,8.75,5.97,24
2022-05-22,2022,5,Sunday,1,Ho Chi Minh City,32,Good,PM2.5,false,Valid,2.29,16.26,22.99,19.83,27.59,628.21,20.99,18.8,37.55,4.29,4.47,24
2022-05-23,2022,5,Monday,2,Ho Chi Minh City,83,Moderate,PM2.5,false,Valid,3.54,41.5,86.56,52.55,114.53,1116.51,27.25,27.34,42.92,13.87,7.41,24
2022-05-24,2022,5,Tuesday,3,Ho Chi Minh City,107,Poor,PM2.5,false,Valid,4.0,54.03,120.48,68.41,152.45,1400.51,29.65,37.14,25.03,23.62,10.3,24
2022-05-25,2022,5,Wednesday,4,Ho Chi Minh City,110,Poor,PM2.5,false,Valid,3.83,55.67,135.22,69.28,163.7,1470.33,21.91,35.57,8.67,33.63,9.54,24
2022-05-26,2022,5,Thursday,5,Ho Chi Minh City,79,Moderate,PM2.5,false,Valid,3.46,39.55,113.7,50.4,142.89,1175.76,24.19,31.87,15.74,20.87,8.63,24
2022-05-27,2022,5,Friday,6,Ho Chi Minh City,28,Good,PM2.5,false,Valid,2.0,14.43,18.95,17.77,22.91,620.29,22.15,23.01,48.64,6.01,4.52,24
2022-05-28,2022,5,Saturday,7,Ho Chi Minh City,55,Moderate,PM2.5,false,Valid,3.08,27.15,71.73,34.14,90.27,908.18,22.81,23.44,37.19,10.88,6.53,24
2022-05-29,2022,5,Sunday,1,Ho Chi Minh City,40,Good,PM2.5,false,Valid,2.71,20.31,35.4,26.31,46.63,722.65,20.64,20.88,62.23,7.11,6.1,24
2022-05-30,2022,5,Monday,2,Ho Chi Minh City,122,Poor,PM2.5,false,Valid,3.54,63.15,214.66,75.13,239.67,1499.53,28.4,35.29,10.73,27.47,10.53,24
2022-05-31,2022,5,Tuesday,3,Ho Chi Minh City,158,Unhealthy,PM2.5,false,Valid,4.92,90.63,243.54,104.72,280.57,1620.81,45.66,59.41,124.45,26.82,10.21,24
2022-06-01,2022,6,Wednesday,4,Ho Chi Minh City,157,Unhealthy,PM2.5,false,Valid,4.63,89.07,182.18,107.72,227.01,2129.0,32.43,67.97,0.94,66.1,12.27,24
2022-06-02,2022,6,Thursday,5,Ho Chi Minh City,124,Poor,PM2.5,false,Valid,4.17,64.47,128.97,80.32,150.16,1688.68,30.63,42.51,11.09,34.06,11.12,24
2022-06-03,2022,6,Friday,6,Ho Chi Minh City,99,Moderate,PM2.5,false,Valid,4.0,49.75,88.91,61.46,114.84,1377.14,30.82,36.15,5.05,22.19,9.53,24
2022-06-04,2022,6,Saturday,7,Ho Chi Minh City,241,Very Unhealthy,PM2.5,true,Valid,4.67,190.87,425.82,210.16,479.9,3799.04,44.13,54.18,37.55,67.11,24.18,24
2022-06-05,2022,6,Sunday,1,Ho Chi Minh City,151,Unhealthy,PM2.5,false,Valid,4.54,80.16,384.13,90.28,409.13,1412.75,28.38,26.13,133.04,15.16,8.85,24
2022-06-06,2022,6,Monday,2,Ho Chi Minh City,104,Poor,PM2.5,false,Valid,3.83,51.94,134.39,62.95,157.04,1253.37,25.17,34.76,63.66,24.13,10.21,24
2022-06-07,2022,6,Tuesday,3,Ho Chi Minh City,172,Unhealthy,PM2.5,false,Valid,4.29,110.46,435.04,125.74,466.28,2348.74,26.55,69.52,4.69,72.93,26.59,24
2022-06-08,2022,6,Wednesday,4,Ho Chi Minh City,162,Unhealthy,PM2.5,false,Valid,4.17,95.9,523.03,112.51,565.44,2137.34,29.5,53.17,18.78,54.56,17.29,24
2022-06-09,2022,6,Thursday,5,Ho Chi Minh City,163,Unhealthy,PM2.5,false,Valid,4.79,97.22,195.97,114.75,237.01,2130.67,49.75,61.41,107.29,34.76,13.23,24
2022-06-10,2022,6,Friday,6,Ho Chi Minh City,281,Very Unhealthy,PM2.5,true,Valid,5.0,231.75,520.97,260.41,557.96,4506.67,40.2,107.65,0.77,153.87,26.68,24
2022-06-11,2022,6,Saturday,7,Ho Chi Minh City,165,Unhealthy,PM2.5,false,Valid,4.21,101.05,419.48,115.77,446.02,1976.01,38.66,48.7,31.83,44.9,14.99,24
2022-06-12,2022,6,Sunday,1,Ho Chi Minh City,164,Unhealthy,PM2.5,false,Valid,4.83,98.66,279.78,113.95,324.61,1767.95,46.3,58.41,28.97,37.89,11.32,24
2022-06-13,2022,6,Monday,2,Ho Chi Minh City,166,Unhealthy,PM2.5,false,Valid,4.5,101.55,247.94,123.46,308.76,2149.86,35.89,51.81,8.23,41.79,13.22,24
2022-06-14,2022,6,Tuesday,3,Ho Chi Minh City,141,Poor,PM2.5,false,Valid,4.63,74.56,191.36,92.92,235.87,1682.0,30.15,48.04,54.36,35.83,13.11,24
2022-06-15,2022,6,Wednesday,4,Ho Chi Minh City,199,Unhealthy,PM2.5,false,Valid,4.67,149.56,343.25,173.27,367.34,3296.97,28.89,69.64,0.76,99.24,22.42,24
2022-06-16,2022,6,Thursday,5,Ho Chi Minh City,257,Very Unhealthy,PM2.5,true,Valid,5.0,207.15,399.79,237.9,435.77,3905.85,36.93,81.1,0.18,116.88,17.86,24
2022-06-17,2022,6,Friday,6,Ho Chi Minh City,283,Very Unhealthy,PM2.5,true,Valid,4.88,232.93,448.91,256.48,469.27,4438.24,53.02,83.86,12.87,115.36,23.77,24
2022-06-18,2022,6,Saturday,7,Ho Chi Minh City,176,Unhealthy,PM2.5,false,Valid,4.54,117.0,459.13,133.64,481.51,2358.48,37.65,47.5,91.55,46.21,12.23,24
2022-06-19,2022,6,Sunday,1,Ho Chi Minh City,166,Unhealthy,PM2.5,false,Valid,4.54,101.76,284.75,117.52,311.14,2072.25,32.57,47.56,30.76,42.34,15.44,24
2022-06-20,2022,6,Monday,2,Ho Chi Minh City,160,Unhealthy,PM2.5,false,Valid,5.0,94.05,287.57,108.42,323.55,1607.46,43.88,57.35,171.66,23.87,11.33,24
2022-06-21,2022,6,Tuesday,3,Ho Chi Minh City,170,Unhealthy,PM2.5,false,Valid,4.63,107.32,259.75,127.36,287.27,2391.58,35.64,58.29,12.16,52.58,16.4,24
2022-06-22,2022,6,Wednesday,4,Ho Chi Minh City,218,Very Unhealthy,PM2.5,true,Valid,4.54,167.53,406.97,201.43,502.27,3846.33,36.46,67.95,15.02,95.09,19.58,24
2022-06-23,2022,6,Thursday,5,Ho Chi Minh City,195,Unhealthy,PM2.5,false,Valid,5.0,143.38,292.41,163.55,315.49,2623.0,48.53,71.9,148.77,59.45,14.86,24
2022-06-24,2022,6,Friday,6,Ho Chi Minh City,264,Very Unhealthy,PM2.5,true,Valid,4.67,214.45,510.6,250.14,613.07,4343.67,32.33,71.19,1.23,105.62,25.07,24
2022-06-25,2022,6,Saturday,7,Ho Chi Minh City,198,Unhealthy,PM2.5,false,Valid,4.67,148.03,391.75,168.98,432.29,2920.35,31.27,50.53,81.54,64.94,17.42,24
2022-06-26,2022,6,Sunday,1,Ho Chi Minh City,205,Very Unhealthy,PM2.5,true,Valid,4.5,154.69,428.44,175.45,459.66,2933.98,39.04,76.89,11.62,90.37,24.46,24
2022-06-27,2022,6,Monday,2,Ho Chi Minh City,255,Very Unhealthy,PM2.5,true,Valid,5.0,204.96,417.37,231.18,473.28,3254.14,61.09,68.63,200.27,49.46,15.5,24
2022-06-28,2022,6,Tuesday,3,Ho Chi Minh City,171,Unhealthy,PM2.5,false,Valid,4.96,109.87,231.76,124.86,251.68,1878.66,51.0,61.19,92.98,31.83,10.38,24
2022-06-29,2022,6,Wednesday,4,Ho Chi Minh City,98,Moderate,PM2.5,false,Valid,3.42,49.08,151.94,61.01,187.83,1395.5,23.14,32.94,20.21,26.22,10.12,24
2022-06-30,2022,6,Thursday,5,Ho Chi Minh City,31,Good,PM2.5,false,Valid,2.08,15.66,33.16,20.47,43.88,652.83,22.41,23.07,10.64,6.73,5.3,24
2022-07-01,2022,7,Friday,6,Ho Chi Minh City,41,Good,PM2.5,false,Valid,2.75,20.91,35.46,27.17,45.25,733.22,24.18,24.48,23.6,7.77,5.97,24
2022-07-02,2022,7,Saturday,7,Ho Chi Minh City,115,Poor,PM2.5,false,Valid,3.71,58.65,130.76,68.75,156.44,1380.76,26.27,23.51,67.95,13.66,8.81,24
2022-07-03,2022,7,Sunday,1,Ho Chi Minh City,93,Moderate,PM2.5,false,Valid,4.25,46.75,102.48,54.33,117.59,1154.07,27.39,26.97,34.33,10.4,7.26,24
2022-07-04,2022,7,Monday,2,Ho Chi Minh City,82,Moderate,PM2.5,false,Valid,3.83,41.0,64.55,49.45,77.08,1031.96,28.96,32.61,20.56,12.71,7.43,24
2022-07-05,2022,7,Tuesday,3,Ho Chi Minh City,147,Poor,PM2.5,false,Valid,4.21,78.51,175.33,95.19,215.03,1787.15,28.7,37.81,21.99,35.17,10.39,24
2022-07-06,2022,7,Wednesday,4,Ho Chi Minh City,79,Moderate,PM2.5,false,Valid,4.0,39.32,135.57,47.82,160.49,1076.74,28.34,34.18,24.32,17.2,7.5,24
2022-07-07,2022,7,Thursday,5,Ho Chi Minh City,65,Moderate,PM2.5,false,Valid,3.33,32.56,56.12,41.54,73.9,994.68,22.19,28.82,25.03,17.09,7.89,24
2022-07-08,2022,7,Friday,6,Ho Chi Minh City,53,Moderate,PM2.5,false,Valid,3.13,26.12,46.87,32.6,59.0,852.55,22.74,24.34,37.19,10.28,6.21,24
2022-07-09,2022,7,Saturday,7,Ho Chi Minh City,62,Moderate,PM2.5,false,Valid,3.63,30.69,55.42,35.9,65.93,855.88,22.9,26.23,57.94,10.53,6.57,24
2022-07-10,2022,7,Sunday,1,Ho Chi Minh City,27,Good,PM2.5,false,Valid,2.04,13.76,26.16,16.98,32.46,619.03,16.75,17.75,25.75,6.94,5.06,24
2022-07-11,2022,7,Monday,2,Ho Chi Minh City,32,Good,PM2.5,false,Valid,2.42,16.31,31.93,20.11,39.88,644.21,18.25,21.75,41.13,8.78,5.09,24
2022-07-12,2022,7,Tuesday,3,Ho Chi Minh City,19,Good,PM2.5,false,Valid,1.58,9.94,13.32,12.66,17.48,508.61,16.91,17.91,8.58,4.93,3.98,24
2022-07-13,2022,7,Wednesday,4,Ho Chi Minh City,26,Good,PM2.5,false,Valid,1.75,13.05,24.23,16.11,30.06,572.86,17.42,18.2,27.89,5.66,4.5,24
2022-07-14,2022,7,Thursday,5,Ho Chi Minh City,41,Good,PM2.5,false,Valid,2.75,20.59,32.67,26.64,42.45,688.99,20.11,24.54,44.7,9.66,6.27,24
2022-07-15,2022,7,Friday,6,Ho Chi Minh City,73,Moderate,PM2.5,false,Valid,3.33,36.47,82.78,44.78,103.39,1038.91,28.15,29.15,21.46,12.63,7.29,24
2022-07-16,2022,7,Saturday,7,Ho Chi Minh City,69,Moderate,PM2.5,false,Valid,3.67,34.66,61.61,42.44,78.2,966.59,25.03,23.02,36.84,7.91,6.92,24
2022-07-17,2022,7,Sunday,1,Ho Chi Minh City,67,Moderate,PM2.5,false,Valid,3.42,33.58,50.25,40.61,62.05,962.42,26.69,24.47,26.11,7.36,6.77,24
2022-07-18,2022,7,Monday,2,Ho Chi Minh City,96,Moderate,PM2.5,false,Valid,4.21,47.97,92.45,58.31,114.65,1193.56,28.71,30.22,65.8,13.52,8.54,24
2022-07-19,2022,7,Tuesday,3,Ho Chi Minh City,78,Moderate,PM2.5,false,Valid,4.08,38.91,57.58,45.74,67.14,968.81,25.9,28.65,64.37,10.79,6.79,24
2022-07-20,2022,7,Wednesday,4,Ho Chi Minh City,,N/A,,false,Insufficient Data (<75%),5.0,59.37,59.37,69.29,69.29,1482.01,24.68,43.39,0.1,31.29,10.26,1
2022-07-22,2022,7,Friday,6,Ho Chi Minh City,185,Unhealthy,PM2.5,false,Valid,5.0,128.93,245.15,154.24,277.39,2167.0,58.77,71.36,203.13,33.02,13.13,23
2022-07-23,2022,7,Saturday,7,Ho Chi Minh City,194,Unhealthy,PM2.5,false,Valid,4.92,142.0,265.54,165.4,325.81,2998.51,44.3,70.62,2.68,87.53,13.87,24
2022-07-24,2022,7,Sunday,1,Ho Chi Minh City,112,Poor,PM2.5,false,Valid,4.63,57.29,118.82,72.82,131.59,1364.07,36.33,49.53,148.77,21.68,9.61,24
2022-07-25,2022,7,Monday,2,Ho Chi Minh City,197,Unhealthy,PM2.5,false,Valid,4.96,146.36,259.68,177.49,299.49,3637.15,54.59,99.86,50.78,91.19,22.02,24
2022-07-26,2022,7,Tuesday,3,Ho Chi Minh City,228,Very Unhealthy,PM2.5,true,Valid,5.0,178.0,326.84,206.06,354.51,3696.68,46.9,92.05,1.99,108.22,19.86,24
2022-07-27,2022,7,Wednesday,4,Ho Chi Minh City,249,Very Unhealthy,PM2.5,true,Valid,4.75,199.01,446.03,226.61,472.21,3859.12,45.97,80.17,4.38,107.26,18.46,24
2022-07-28,2022,7,Thursday,5,Ho Chi Minh City,237,Very Unhealthy,PM2.5,true,Valid,4.83,186.39,501.21,209.81,535.77,3222.98,49.6,62.62,100.14,61.07,15.55,24
2022-07-29,2022,7,Friday,6,Ho Chi Minh City,152,Unhealthy,PM2.5,false,Valid,4.88,82.02,312.03,94.01,338.53,1456.7,36.35,37.61,171.66,15.03,9.45,24
2022-07-30,2022,7,Saturday,7,Ho Chi Minh City,115,Poor,PM2.5,false,Valid,4.25,58.93,132.65,69.62,154.67,1354.34,33.62,38.81,43.99,18.53,9.19,24
2022-07-31,2022,7,Sunday,1,Ho Chi Minh City,85,Moderate,PM2.5,false,Valid,4.04,42.55,72.92,50.58,87.95,1108.45,26.71,34.77,67.95,16.45,8.77,24
2022-08-01,2022,8,Monday,2,Ho Chi Minh City,168,Unhealthy,PM2.5,false,Valid,4.04,104.73,306.23,119.53,350.03,2338.45,36.1,62.96,34.33,67.36,11.33,24
2022-08-02,2022,8,Tuesday,3,Ho Chi Minh City,202,Very Unhealthy,PM2.5,true,Valid,4.46,151.08,439.28,170.32,491.72,3236.06,41.13,76.39,17.34,93.33,15.82,24
2022-08-03,2022,8,Wednesday,4,Ho Chi Minh City,118,Poor,PM2.5,false,Valid,4.29,60.43,190.59,71.44,212.73,1528.74,28.39,44.97,4.29,36.09,10.6,24
2022-08-04,2022,8,Thursday,5,Ho Chi Minh City,97,Moderate,PM2.5,false,Valid,3.92,48.88,101.28,58.62,120.54,1303.71,26.89,39.97,15.91,26.92,9.64,24
2022-08-05,2022,8,Friday,6,Ho Chi Minh City,80,Moderate,PM2.5,false,Valid,3.58,39.95,79.95,48.61,95.58,1152.12,22.53,30.39,34.69,22.15,8.86,24
2022-08-06,2022,8,Saturday,7,Ho Chi Minh City,77,Moderate,PM2.5,false,Valid,3.83,38.34,63.19,44.59,77.52,940.44,24.82,22.07,48.64,6.59,6.32,24
2022-08-07,2022,8,Sunday,1,Ho Chi Minh City,51,Moderate,PM2.5,false,Valid,3.17,25.22,41.47,31.75,54.64,803.31,22.23,20.05,54.36,6.78,6.38,24
2022-08-08,2022,8,Monday,2,Ho Chi Minh City,88,Moderate,PM2.5,false,Valid,4.17,43.96,56.74,50.24,72.48,995.52,28.73,27.78,53.64,8.06,6.12,24
2022-08-09,2022,8,Tuesday,3,Ho Chi Minh City,76,Moderate,PM2.5,false,Valid,3.79,37.93,103.4,46.14,126.46,1103.16,25.0,25.86,40.41,13.29,7.31,24
2022-08-10,2022,8,Wednesday,4,Ho Chi Minh City,54,Moderate,PM2.5,false,Valid,3.13,26.59,52.21,33.81,66.96,811.8,22.64,25.61,60.08,11.06,6.35,24
2022-08-11,2022,8,Thursday,5,Ho Chi Minh City,138,Poor,PM2.5,false,Valid,4.46,72.8,141.07,87.03,174.63,1637.78,33.19,33.88,49.35,21.09,9.77,24
2022-08-12,2022,8,Friday,6,Ho Chi Minh City,395,Hazardous,PM2.5,true,Valid,4.79,368.33,936.13,406.95,1034.27,7615.33,51.86,87.24,97.27,157.45,43.36,24
2022-08-13,2022,8,Saturday,7,Ho Chi Minh City,154,Unhealthy,PM2.5,false,Valid,4.46,84.63,587.45,95.15,613.07,1694.52,30.61,26.38,97.27,21.42,10.32,24
2022-08-14,2022,8,Sunday,1,Ho Chi Minh City,160,Unhealthy,PM2.5,false,Valid,4.54,92.87,250.06,108.73,303.25,1988.81,39.96,39.38,87.26,25.69,10.89,24
2022-08-15,2022,8,Monday,2,Ho Chi Minh City,118,Poor,PM2.5,false,Valid,4.29,60.68,153.73,73.28,188.25,1523.73,25.59,41.31,14.48,31.84,10.49,24
2022-08-16,2022,8,Tuesday,3,Ho Chi Minh City,93,Moderate,PM2.5,false,Valid,3.75,46.76,99.74,57.33,116.93,1280.35,24.49,32.38,26.46,23.64,8.9,24
2022-08-17,2022,8,Wednesday,4,Ho Chi Minh City,108,Poor,PM2.5,false,Valid,3.92,54.64,118.26,68.45,150.44,1528.74,27.3,32.9,15.56,24.81,9.46,24
2022-08-18,2022,8,Thursday,5,Ho Chi Minh City,95,Moderate,PM2.5,false,Valid,4.33,47.8,88.61,58.93,113.12,1101.77,27.3,32.54,100.14,15.56,8.38,24
2022-08-19,2022,8,Friday,6,Ho Chi Minh City,122,Poor,PM2.5,false,Valid,3.75,63.03,237.16,77.48,281.42,1718.16,25.33,35.77,32.54,33.59,10.76,24
2022-08-20,2022,8,Saturday,7,Ho Chi Minh City,43,Good,PM2.5,false,Valid,2.71,21.6,41.48,27.72,53.51,770.21,23.87,25.02,10.37,9.14,6.36,24
2022-08-21,2022,8,Sunday,1,Ho Chi Minh City,67,Moderate,PM2.5,false,Valid,3.54,33.51,58.17,41.14,68.93,1012.48,25.3,25.23,25.75,10.99,7.41,24
2022-08-22,2022,8,Monday,2,Ho Chi Minh City,164,Unhealthy,PM2.5,false,Valid,3.88,98.62,247.44,118.91,281.12,2215.78,26.5,42.33,15.02,48.18,16.14,24
2022-08-23,2022,8,Tuesday,3,Ho Chi Minh City,164,Unhealthy,PM2.5,false,Valid,4.29,99.75,333.47,118.22,395.08,2351.8,32.02,51.03,18.42,53.26,14.68,24
2022-08-24,2022,8,Wednesday,4,Ho Chi Minh City,70,Moderate,PM2.5,false,Valid,3.75,34.93,64.82,42.44,81.68,946.84,27.19,31.68,52.93,13.47,7.29,24
2022-08-25,2022,8,Thursday,5,Ho Chi Minh City,77,Moderate,PM2.5,false,Valid,3.46,38.52,104.32,47.91,124.0,1097.04,28.76,35.55,16.45,19.46,8.73,24
2022-08-26,2022,8,Friday,6,Ho Chi Minh City,172,Unhealthy,PM2.5,false,Valid,4.63,110.75,257.64,127.9,306.8,2498.94,42.98,49.51,55.07,44.78,12.09,24
2022-08-27,2022,8,Saturday,7,Ho Chi Minh City,156,Unhealthy,PM2.5,false,Valid,4.63,88.4,155.18,99.09,167.91,1752.93,50.95,47.98,59.37,25.88,9.47,24
2022-08-28,2022,8,Sunday,1,Ho Chi Minh City,199,Unhealthy,PM2.5,false,Valid,5.0,149.6,286.35,167.81,318.54,3055.25,58.28,62.17,75.82,48.75,17.77,24
2022-08-29,2022,8,Monday,2,Ho Chi Minh City,132,Poor,PM2.5,false,Valid,3.75,69.05,208.22,88.54,251.75,1804.95,31.33,43.96,22.89,39.22,11.37,24
2022-08-30,2022,8,Tuesday,3,Ho Chi Minh City,212,Very Unhealthy,PM2.5,true,Valid,4.88,161.53,351.87,189.82,415.48,3646.33,64.9,91.04,115.87,79.5,15.57,24
2022-08-31,2022,8,Wednesday,4,Ho Chi Minh City,204,Very Unhealthy,PM2.5,true,Valid,4.88,153.93,285.15,171.99,320.98,3195.44,52.79,84.64,3.35,99.2,11.62,24
2022-09-01,2022,9,Thursday,5,Ho Chi Minh City,442,Hazardous,PM2.5,true,Valid,5.0,428.13,922.1,462.78,971.0,5860.17,114.59,101.13,246.05,50.03,34.29,24
2022-09-02,2022,9,Friday,6,Ho Chi Minh City,212,Very Unhealthy,PM2.5,true,Valid,4.83,161.72,927.46,180.77,979.62,2896.71,46.59,65.99,14.66,51.58,19.93,24
2022-09-03,2022,9,Saturday,7,Ho Chi Minh City,90,Moderate,PM2.5,false,Valid,4.08,45.27,71.38,54.02,83.74,1242.8,27.05,37.96,12.7,22.81,9.11,24
2022-09-04,2022,9,Sunday,1,Ho Chi Minh City,58,Moderate,PM2.5,false,Valid,3.17,29.01,61.82,36.06,75.94,914.57,20.04,25.46,36.84,15.13,7.42,24
2022-09-05,2022,9,Monday,2,Ho Chi Minh City,95,Moderate,PM2.5,false,Valid,3.75,47.93,133.23,59.78,168.24,1319.01,22.78,31.81,20.03,24.64,9.79,24
2022-09-06,2022,9,Tuesday,3,Ho Chi Minh City,79,Moderate,PM2.5,false,Valid,3.83,39.38,80.45,48.48,100.75,1152.95,24.79,37.18,12.34,24.28,8.46,24
2022-09-07,2022,9,Wednesday,4,Ho Chi Minh City,85,Moderate,PM2.5,false,Valid,3.83,42.44,106.94,52.08,134.72,1215.54,25.43,33.71,31.47,21.56,8.39,24
2022-09-08,2022,9,Thursday,5,Ho Chi Minh City,111,Poor,PM2.5,false,Valid,3.75,56.41,116.92,70.13,151.08,1462.26,25.94,32.47,65.09,26.14,10.16,24
2022-09-09,2022,9,Friday,6,Ho Chi Minh City,168,Unhealthy,PM2.5,false,Valid,4.04,105.36,235.82,121.46,265.37,2211.05,42.73,66.21,26.82,63.49,11.88,24
2022-09-10,2022,9,Saturday,7,Ho Chi Minh City,197,Unhealthy,PM2.5,false,Valid,4.79,146.72,330.08,164.39,356.94,2855.54,40.79,60.6,1.5,70.04,18.19,24
2022-09-11,2022,9,Sunday,1,Ho Chi Minh City,98,Moderate,PM2.5,false,Valid,4.0,49.04,121.89,62.33,148.74,1388.55,33.62,51.16,3.31,36.21,9.12,24
2022-09-12,2022,9,Monday,2,Ho Chi Minh City,334,Hazardous,PM2.5,true,Valid,4.21,291.68,739.8,323.99,814.04,5687.16,37.63,92.25,2.95,149.34,37.7,24
2022-09-13,2022,9,Tuesday,3,Ho Chi Minh City,190,Unhealthy,PM2.5,false,Valid,4.96,135.85,678.02,151.67,720.89,2308.13,50.62,78.04,47.92,62.72,11.08,24
2022-09-14,2022,9,Wednesday,4,Ho Chi Minh City,74,Moderate,PM2.5,false,Valid,4.0,36.99,54.78,45.61,70.45,1058.94,30.07,35.01,38.27,15.78,8.19,24
2022-09-15,2022,9,Thursday,5,Ho Chi Minh City,169,Unhealthy,PM2.5,false,Valid,3.67,106.81,513.18,127.38,591.43,2910.89,26.33,37.07,29.33,56.84,13.64,24
2022-09-16,2022,9,Friday,6,Ho Chi Minh City,86,Moderate,PM2.5,false,Valid,3.67,43.31,100.57,52.84,121.0,1226.94,29.36,36.83,21.1,23.39,8.57,24
2022-09-17,2022,9,Saturday,7,Ho Chi Minh City,80,Moderate,PM2.5,false,Valid,3.67,40.29,85.99,49.67,103.99,1130.14,25.49,23.77,55.07,12.58,8.19,24
2022-09-18,2022,9,Sunday,1,Ho Chi Minh City,67,Moderate,PM2.5,false,Valid,3.38,33.56,57.99,41.64,71.41,1008.59,21.35,27.85,29.33,18.16,8.49,24
2022-09-19,2022,9,Monday,2,Ho Chi Minh City,91,Moderate,PM2.5,false,Valid,3.88,45.56,101.44,56.03,127.08,1311.5,22.43,30.69,10.91,24.47,9.26,24
2022-09-20,2022,9,Tuesday,3,Ho Chi Minh City,72,Moderate,PM2.5,false,Valid,3.58,36.2,63.11,45.38,77.95,1098.99,21.74,30.47,18.95,21.0,8.63,24
2022-09-21,2022,9,Wednesday,4,Ho Chi Minh City,86,Moderate,PM2.5,false,Valid,3.63,43.09,91.78,53.41,113.24,1198.29,21.85,38.3,5.32,30.56,8.73,24
2022-09-22,2022,9,Thursday,5,Ho Chi Minh City,75,Moderate,PM2.5,false,Valid,3.71,37.43,66.54,47.27,87.07,1133.48,25.25,33.25,6.44,22.34,8.39,24
2022-09-23,2022,9,Friday,6,Ho Chi Minh City,266,Very Unhealthy,PM2.5,true,Valid,4.13,216.5,734.99,240.86,791.96,4468.84,34.14,57.38,18.24,105.08,21.25,24
2022-09-24,2022,9,Saturday,7,Ho Chi Minh City,116,Poor,PM2.5,false,Valid,4.29,59.68,190.14,69.36,212.96,1339.04,33.7,38.78,35.76,19.81,9.43,24
2022-09-25,2022,9,Sunday,1,Ho Chi Minh City,136,Poor,PM2.5,false,Valid,4.04,72.02,142.12,83.22,160.78,1720.11,33.04,54.86,17.52,47.66,11.57,24
2022-09-26,2022,9,Monday,2,Ho Chi Minh City,86,Moderate,PM2.5,false,Valid,4.0,43.36,108.67,50.92,129.45,1217.76,27.63,35.65,8.14,20.21,8.09,24
2022-09-27,2022,9,Tuesday,3,Ho Chi Minh City,40,Good,PM2.5,false,Valid,2.5,20.08,38.93,23.71,44.58,744.34,21.24,20.12,20.92,5.27,5.15,24
2022-09-28,2022,9,Wednesday,4,Ho Chi Minh City,19,Good,PM2.5,false,Valid,1.42,9.76,12.3,12.54,16.29,485.38,17.87,16.48,27.18,3.44,3.89,24
2022-09-29,2022,9,Thursday,5,Ho Chi Minh City,40,Good,PM2.5,false,Valid,2.75,20.36,34.1,25.9,43.59,753.52,23.43,27.15,21.64,11.75,6.0,24
2022-09-30,2022,9,Friday,6,Ho Chi Minh City,115,Poor,PM2.5,false,Valid,3.67,58.99,146.97,71.51,182.09,1632.49,30.13,35.62,19.49,27.98,9.47,24
2022-10-01,2022,10,Saturday,7,Ho Chi Minh City,151,Unhealthy,PM2.5,false,Valid,4.38,80.67,169.23,92.03,191.61,1982.41,40.58,61.5,20.56,43.58,10.94,24
2022-10-02,2022,10,Sunday,1,Ho Chi Minh City,94,Moderate,PM2.5,false,Valid,4.33,47.29,72.74,61.6,101.41,1398.84,38.07,50.5,45.78,26.5,9.14,24
2022-10-03,2022,10,Monday,2,Ho Chi Minh City,111,Poor,PM2.5,false,Valid,4.0,56.51,136.9,73.66,160.58,1559.06,33.74,46.34,24.68,32.44,10.36,24
2022-10-04,2022,10,Tuesday,3,Ho Chi Minh City,163,Unhealthy,PM2.5,false,Valid,4.79,97.29,166.63,120.53,192.51,2423.29,46.17,71.43,78.68,52.66,12.97,24
2022-10-05,2022,10,Wednesday,4,Ho Chi Minh City,116,Poor,PM2.5,false,Valid,4.33,59.47,171.71,73.97,197.29,1582.7,35.59,56.31,18.6,41.35,9.47,24
2022-10-06,2022,10,Thursday,5,Ho Chi Minh City,132,Poor,PM2.5,false,Valid,4.17,69.19,164.99,85.28,202.32,1898.41,41.18,57.63,28.61,43.23,10.28,24
2022-10-07,2022,10,Friday,6,Ho Chi Minh City,106,Poor,PM2.5,false,Valid,4.17,53.17,109.29,65.63,134.43,1550.44,42.72,60.58,60.08,36.19,10.46,24
2022-10-08,2022,10,Saturday,7,Ho Chi Minh City,107,Poor,PM2.5,false,Valid,4.46,54.04,87.46,64.69,98.55,1399.95,43.48,51.57,32.54,28.66,8.29,24
2022-10-09,2022,10,Sunday,1,Ho Chi Minh City,170,Unhealthy,PM2.5,false,Valid,4.33,107.56,381.93,129.4,447.21,2729.26,39.04,52.89,33.26,54.31,11.04,24
2022-10-10,2022,10,Monday,2,Ho Chi Minh City,162,Unhealthy,PM2.5,false,Valid,4.71,96.09,223.02,111.81,262.16,2081.71,66.55,79.76,50.78,35.7,11.89,24
2022-10-11,2022,10,Tuesday,3,Ho Chi Minh City,65,Moderate,PM2.5,false,Valid,3.54,32.16,56.03,40.37,71.4,1035.29,31.51,37.2,40.77,16.4,7.73,24
2022-10-12,2022,10,Wednesday,4,Ho Chi Minh City,85,Moderate,PM2.5,false,Valid,3.96,42.72,77.68,51.19,92.17,1219.43,39.99,47.55,52.93,18.55,8.37,24
2022-10-13,2022,10,Thursday,5,Ho Chi Minh City,89,Moderate,PM2.5,false,Valid,4.29,44.39,60.62,54.17,77.02,1031.68,26.97,22.18,137.33,5.78,7.53,24
2022-10-14,2022,10,Friday,6,Ho Chi Minh City,116,Poor,PM2.5,false,Valid,4.63,59.21,103.57,71.46,131.45,1043.08,24.85,21.13,56.51,8.42,7.03,24
2022-10-15,2022,10,Saturday,7,Ho Chi Minh City,136,Poor,PM2.5,false,Valid,4.92,71.69,85.29,78.11,95.57,713.19,21.96,16.75,127.32,0.66,6.17,24
2022-10-16,2022,10,Sunday,1,Ho Chi Minh City,132,Poor,PM2.5,false,Valid,4.71,69.49,125.1,82.36,157.71,1374.36,29.37,24.09,130.18,11.44,9.96,24
2022-10-17,2022,10,Monday,2,Ho Chi Minh City,171,Unhealthy,PM2.5,false,Valid,4.42,109.32,478.11,130.76,563.79,2733.43,40.18,47.45,64.37,48.25,13.13,24
2022-10-18,2022,10,Tuesday,3,Ho Chi Minh City,286,Very Unhealthy,PM2.5,true,Valid,5.0,236.08,428.38,263.63,474.01,4199.58,94.11,112.81,37.19,85.58,16.75,24
2022-10-19,2022,10,Wednesday,4,Ho Chi Minh City,146,Poor,PM2.5,false,Valid,4.75,77.71,140.57,88.53,164.26,1424.99,50.23,51.34,52.21,9.94,7.93,24
2022-10-20,2022,10,Thursday,5,Ho Chi Minh City,105,Poor,PM2.5,false,Valid,4.38,52.49,79.2,63.02,100.3,950.18,43.0,40.11,65.09,3.43,6.36,24
2022-10-21,2022,10,Friday,6,Ho Chi Minh City,175,Unhealthy,PM2.5,false,Valid,4.79,114.73,330.6,135.21,388.9,2759.85,55.91,62.03,53.64,45.6,13.32,24
2022-10-22,2022,10,Saturday,7,Ho Chi Minh City,99,Moderate,PM2.5,false,Valid,3.88,49.94,138.92,58.7,165.74,1328.75,34.24,35.26,30.76,15.78,9.56,24
2022-10-23,2022,10,Sunday,1,Ho Chi Minh City,172,Unhealthy,PM2.5,false,Valid,4.54,110.95,265.92,126.67,311.57,2379.34,50.64,57.94,38.62,45.53,12.35,24
2022-10-24,2022,10,Monday,2,Ho Chi Minh City,170,Unhealthy,PM2.5,false,Valid,4.21,107.54,217.33,120.55,240.63,2112.31,67.86,68.47,57.22,40.49,9.68,24
2022-10-25,2022,10,Tuesday,3,Ho Chi Minh City,148,Poor,PM2.5,false,Valid,4.75,79.01,126.86,93.22,139.1,1816.91,49.51,50.41,10.28,28.38,9.57,24
2022-10-26,2022,10,Wednesday,4,Ho Chi Minh City,175,Unhealthy,PM2.5,false,Valid,5.0,115.14,220.81,133.33,267.02,2428.29,49.91,78.25,0.6,60.49,13.01,24
2022-10-27,2022,10,Thursday,5,Ho Chi Minh City,196,Unhealthy,PM2.5,false,Valid,4.75,145.15,352.7,163.22,399.74,3013.53,58.77,75.91,25.03,68.95,13.46,24
2022-10-28,2022,10,Friday,6,Ho Chi Minh City,185,Unhealthy,PM2.5,false,Valid,4.96,128.95,298.25,150.11,335.8,2878.35,53.74,65.3,1.61,53.79,14.55,24
2022-10-29,2022,10,Saturday,7,Ho Chi Minh City,144,Poor,PM2.5,false,Valid,4.17,76.83,203.25,88.77,224.91,1618.58,56.86,51.83,87.98,16.19,8.77,24
2022-10-30,2022,10,Sunday,1,Ho Chi Minh City,156,Unhealthy,PM2.5,false,Valid,4.13,87.57,192.08,106.22,237.72,1996.32,43.2,36.51,79.39,21.22,10.97,24
2022-10-31,2022,10,Monday,2,Ho Chi Minh City,247,Very Unhealthy,PM2.5,true,Valid,4.71,197.41,567.89,237.34,672.48,4410.98,46.07,65.7,133.04,81.33,33.84,24
2022-11-01,2022,11,Tuesday,3,Ho Chi Minh City,179,Unhealthy,PM2.5,false,Valid,5.0,120.38,458.7,137.36,504.03,1868.09,69.09,81.04,52.93,31.69,13.5,24
2022-11-02,2022,11,Wednesday,4,Ho Chi Minh City,138,Poor,PM2.5,false,Valid,4.83,72.91,142.87,90.36,165.15,1496.47,64.49,73.67,21.82,23.04,10.5,24
2022-11-03,2022,11,Thursday,5,Ho Chi Minh City,152,Unhealthy,PM2.5,false,Valid,4.33,82.06,157.5,99.5,191.5,1596.43,58.46,72.84,50.75,23.84,10.53,24
2022-11-04,2022,11,Friday,6,Ho Chi Minh City,164,Unhealthy,PM2.5,false,Valid,4.63,99.88,165.0,117.09,196.5,1980.67,56.39,71.81,18.94,37.16,10.26,24
2022-11-05,2022,11,Saturday,7,Ho Chi Minh City,134,Poor,PM2.5,false,Valid,4.67,70.49,132.1,82.96,157.55,1658.27,42.81,41.62,100.14,17.0,10.09,24
2022-11-06,2022,11,Sunday,1,Ho Chi Minh City,160,Unhealthy,PM2.5,false,Valid,4.58,94.1,211.14,109.84,254.21,2042.21,48.35,48.57,62.94,30.13,12.11,24
2022-11-07,2022,11,Monday,2,Ho Chi Minh City,184,Unhealthy,PM2.5,false,Valid,4.92,127.75,242.55,144.49,276.19,1968.78,66.75,59.63,57.22,11.42,11.74,24
2022-11-08,2022,11,Tuesday,3,Ho Chi Minh City,167,Unhealthy,PM2.5,false,Valid,4.75,103.38,160.4,122.74,190.75,1821.91,51.82,48.72,91.55,16.7,12.3,24
2022-11-09,2022,11,Wednesday,4,Ho Chi Minh City,186,Unhealthy,PM2.5,false,Valid,5.0,130.74,216.78,162.0,262.74,2447.21,64.62,69.12,13.05,39.9,13.43,24
2022-11-10,2022,11,Thursday,5,Ho Chi Minh City,401,Hazardous,PM2.5,true,Valid,5.0,375.94,837.55,426.2,933.72,6579.48,92.17,127.87,51.5,116.43,61.23,24
2022-11-11,2022,11,Friday,6,Ho Chi Minh City,301,Hazardous,PM2.5,true,Valid,5.0,250.98,410.6,290.31,481.13,4937.25,69.42,87.61,60.8,113.98,19.42,24
2022-11-12,2022,11,Saturday,7,Ho Chi Minh City,297,Very Unhealthy,PM2.5,true,Valid,5.0,247.29,556.74,270.3,625.53,4102.23,63.49,69.09,76.53,82.11,18.9,24
2022-11-13,2022,11,Sunday,1,Ho Chi Minh City,142,Poor,PM2.5,false,Valid,3.5,75.21,212.87,91.29,227.35,1719.83,32.99,39.9,39.34,30.94,10.59,24
2022-11-14,2022,11,Monday,2,Ho Chi Minh City,158,Unhealthy,PM2.5,false,Valid,4.71,90.25,184.22,112.34,220.39,2008.28,46.23,56.55,134.47,34.92,12.71,24
2022-11-15,2022,11,Tuesday,3,Ho Chi Minh City,206,Very Unhealthy,PM2.5,true,Valid,4.83,155.55,304.61,182.81,370.33,3477.22,49.61,61.35,78.68,74.94,14.26,24
2022-11-16,2022,11,Wednesday,4,Ho Chi Minh City,146,Poor,PM2.5,false,Valid,4.63,77.58,225.39,98.38,248.91,1697.86,40.34,51.48,131.61,32.56,10.54,24
2022-11-17,2022,11,Thursday,5,Ho Chi Minh City,187,Unhealthy,PM2.5,false,Valid,4.75,131.56,345.34,156.93,413.81,2952.06,51.1,66.99,131.61,60.3,13.46,24
2022-11-18,2022,11,Friday,6,Ho Chi Minh City,211,Very Unhealthy,PM2.5,true,Valid,5.0,160.19,371.49,183.41,442.59,3082.51,75.16,84.26,43.27,63.87,18.72,24
2022-11-19,2022,11,Saturday,7,Ho Chi Minh City,62,Moderate,PM2.5,false,Valid,2.75,30.7,127.87,36.89,135.46,826.54,24.61,20.49,67.23,6.33,5.54,24
2022-11-20,2022,11,Sunday,1,Ho Chi Minh City,39,Good,PM2.5,false,Valid,2.58,19.56,33.86,25.3,44.0,790.52,19.47,24.62,31.11,13.43,5.54,24
2022-11-21,2022,11,Monday,2,Ho Chi Minh City,147,Poor,PM2.5,false,Valid,4.71,78.44,163.14,91.0,185.11,1711.77,59.01,86.07,10.28,44.96,11.02,24
2022-11-22,2022,11,Tuesday,3,Ho Chi Minh City,132,Poor,PM2.5,false,Valid,4.75,69.56,103.61,83.81,133.94,1707.87,34.95,65.84,0.7,42.98,10.14,24
2022-11-23,2022,11,Wednesday,4,Ho Chi Minh City,52,Moderate,PM2.5,false,Valid,3.08,25.8,47.53,33.52,62.15,819.72,32.52,36.95,40.05,8.15,5.61,24
2022-11-24,2022,11,Thursday,5,Ho Chi Minh City,55,Moderate,PM2.5,false,Valid,3.29,27.37,42.37,36.66,55.49,933.49,31.4,40.33,8.76,17.66,6.11,24
2022-11-25,2022,11,Friday,6,Ho Chi Minh City,79,Moderate,PM2.5,false,Valid,3.96,39.34,56.08,52.94,74.1,1201.35,33.34,47.42,50.78,26.34,8.42,24
2022-11-26,2022,11,Saturday,7,Ho Chi Minh City,127,Poor,PM2.5,false,Valid,4.83,65.93,105.14,83.44,133.79,1847.5,40.43,58.13,55.07,42.84,11.0,24
2022-11-27,2022,11,Sunday,1,Ho Chi Minh City,115,Poor,PM2.5,false,Valid,3.92,58.78,191.79,75.54,226.36,1533.47,30.29,42.12,22.17,32.57,12.0,24
2022-11-28,2022,11,Monday,2,Ho Chi Minh City,146,Poor,PM2.5,false,Valid,4.71,78.09,222.06,98.97,263.17,1832.21,34.86,57.0,105.86,44.86,11.89,24
2022-11-29,2022,11,Tuesday,3,Ho Chi Minh City,186,Unhealthy,PM2.5,false,Valid,5.0,131.36,269.26,160.5,312.68,2491.99,42.63,61.11,185.97,49.6,14.44,24
2022-11-30,2022,11,Wednesday,4,Ho Chi Minh City,225,Very Unhealthy,PM2.5,true,Valid,5.0,174.45,295.48,206.04,338.09,3179.87,55.27,64.57,211.72,51.99,14.2,24
2022-12-01,2022,12,Thursday,5,Ho Chi Minh City,188,Unhealthy,PM2.5,false,Valid,4.75,133.74,248.13,166.12,309.82,3210.47,46.66,53.84,21.82,58.09,16.32,24
2022-12-02,2022,12,Friday,6,Ho Chi Minh City,182,Unhealthy,PM2.5,false,Valid,4.58,125.1,227.52,154.25,289.06,3160.12,51.56,64.49,62.23,63.27,14.92,24
2022-12-03,2022,12,Saturday,7,Ho Chi Minh City,115,Poor,PM2.5,false,Valid,4.08,58.95,171.78,73.12,188.63,1520.12,35.24,43.88,37.19,29.05,11.38,24
2022-12-04,2022,12,Sunday,1,Ho Chi Minh City,181,Unhealthy,PM2.5,false,Valid,4.5,123.9,288.82,152.01,346.93,2999.62,39.9,56.25,63.66,64.28,16.01,24
2022-12-05,2022,12,Monday,2,Ho Chi Minh City,204,Very Unhealthy,PM2.5,true,Valid,4.96,153.1,327.6,181.03,389.77,3193.22,69.27,76.64,84.4,54.6,14.38,24
2022-12-06,2022,12,Tuesday,3,Ho Chi Minh City,155,Unhealthy,PM2.5,false,Valid,4.92,86.17,173.86,104.85,215.87,2112.31,48.18,58.57,137.33,30.65,12.49,24
2022-12-07,2022,12,Wednesday,4,Ho Chi Minh City,203,Very Unhealthy,PM2.5,true,Valid,4.96,152.59,302.3,170.29,324.37,3071.94,57.41,71.39,50.07,61.11,16.84,24
2022-12-08,2022,12,Thursday,5,Ho Chi Minh City,221,Very Unhealthy,PM2.5,true,Valid,4.88,170.41,352.62,207.09,418.61,3471.1,54.22,66.42,143.05,60.14,18.72,24
2022-12-09,2022,12,Friday,6,Ho Chi Minh City,,N/A,,false,Insufficient Data (<75%),5.0,345.07,345.07,396.39,396.39,5981.45,27.76,52.45,0.02,118.02,28.88,1
2022-12-11,2022,12,Sunday,1,Ho Chi Minh City,134,Poor,PM2.5,false,Valid,4.61,70.21,124.86,86.98,160.69,1329.92,44.6,44.82,100.14,8.86,9.45,23
2022-12-12,2022,12,Monday,2,Ho Chi Minh City,165,Unhealthy,PM2.5,false,Valid,4.5,100.84,268.7,126.31,333.4,2090.33,49.07,48.15,87.98,22.76,13.42,24
2022-12-13,2022,12,Tuesday,3,Ho Chi Minh City,228,Very Unhealthy,PM2.5,true,Valid,4.79,177.72,511.16,214.65,609.59,3724.5,50.75,53.19,148.77,55.81,21.15,24
2022-12-14,2022,12,Wednesday,4,Ho Chi Minh City,294,Very Unhealthy,PM2.5,true,Valid,5.0,244.7,576.34,291.44,695.34,4402.08,61.8,64.38,154.5,64.48,22.34,24
2022-12-15,2022,12,Thursday,5,Ho Chi Minh City,270,Very Unhealthy,PM2.5,true,Valid,4.96,219.74,564.75,265.43,700.07,4078.59,49.87,51.68,134.47,62.86,21.22,24
2022-12-16,2022,12,Friday,6,Ho Chi Minh City,221,Very Unhealthy,PM2.5,true,Valid,5.0,170.8,254.62,201.32,292.02,2796.01,67.35,56.79,123.02,27.4,13.49,24
2022-12-17,2022,12,Saturday,7,Ho Chi Minh City,111,Poor,PM2.5,false,Valid,3.71,56.68,159.21,68.04,187.66,1357.67,52.3,50.2,134.47,8.41,10.34,24
2022-12-18,2022,12,Sunday,1,Ho Chi Minh City,29,Good,Ozone,false,Valid,2.13,13.66,21.55,16.28,23.32,503.74,15.27,17.46,95.84,0.97,3.44,24
2022-12-19,2022,12,Monday,2,Ho Chi Minh City,77,Moderate,PM2.5,false,Valid,3.5,38.65,105.95,50.03,137.45,1079.24,42.13,40.61,130.18,9.05,12.96,24
2022-12-20,2022,12,Tuesday,3,Ho Chi Minh City,171,Unhealthy,PM2.5,false,Valid,4.5,109.1,274.4,136.8,340.53,2505.34,58.96,48.72,160.22,28.56,16.87,24
2022-12-21,2022,12,Wednesday,4,Ho Chi Minh City,176,Unhealthy,PM2.5,false,Valid,4.58,116.57,297.45,140.64,349.15,2129.0,59.21,60.15,38.98,25.88,17.24,24
2022-12-22,2022,12,Thursday,5,Ho Chi Minh City,163,Unhealthy,PM2.5,false,Valid,4.83,98.01,167.16,124.08,212.15,1973.79,52.48,45.59,144.48,22.73,14.16,24
2022-12-23,2022,12,Friday,6,Ho Chi Minh City,143,Poor,PM2.5,false,Valid,4.04,76.16,204.11,96.46,258.28,1751.54,51.03,44.68,138.76,15.18,14.81,24
2022-12-24,2022,12,Saturday,7,Ho Chi Minh City,59,Moderate,PM2.5,false,Valid,2.83,29.24,58.24,38.53,77.23,730.3,26.66,25.77,147.34,3.87,9.68,24
2022-12-25,2022,12,Sunday,1,Ho Chi Minh City,,N/A,,false,Insufficient Data (<75%),3.0,26.77,26.77,36.88,36.88,767.71,33.24,23.84,9.39,2.43,14.06,1
2022-12-26,2022,12,Monday,2,Ho Chi Minh City,167,Unhealthy,PM2.5,false,Valid,4.74,103.52,180.22,135.81,227.01,1931.02,57.94,52.44,203.13,18.19,15.68,23
2022-12-27,2022,12,Tuesday,3,Ho Chi Minh City,192,Unhealthy,PM2.5,false,Valid,4.46,139.26,287.2,172.87,351.67,2669.73,56.21,52.91,91.55,42.18,17.11,24
2022-12-28,2022,12,Wednesday,4,Ho Chi Minh City,188,Unhealthy,PM2.5,false,Valid,4.58,134.08,268.0,160.97,303.28,2421.34,62.38,46.3,158.79,21.62,16.87,24
2022-12-29,2022,12,Thursday,5,Ho Chi Minh City,172,Unhealthy,PM2.5,false,Valid,4.29,110.53,208.91,135.15,253.68,1929.0,58.06,43.18,130.18,14.16,13.96,24
2022-12-30,2022,12,Friday,6,Ho Chi Minh City,119,Poor,PM2.5,false,Valid,3.46,61.59,205.22,77.14,252.54,1528.46,53.48,53.5,38.98,22.76,14.93,24
2022-12-31,2022,12,Saturday,7,Ho Chi Minh City,57,Moderate,PM2.5,false,Valid,2.54,28.3,38.92,34.61,48.61,708.46,28.93,25.4,118.73,0.74,8.68,24
2023-01-01,2023,1,Sunday,1,Ho Chi Minh City,54,Moderate,PM2.5,false,Valid,2.63,26.98,37.96,33.72,48.86,834.74,28.83,25.21,98.71,3.67,9.83,24
2023-01-02,2023,1,Monday,2,Ho Chi Minh City,108,Poor,PM2.5,false,Valid,3.5,54.57,115.72,66.95,140.3,1395.23,47.94,44.28,90.12,12.85,11.08,24
2023-01-03,2023,1,Tuesday,3,Ho Chi Minh City,94,Moderate,PM2.5,false,Valid,3.08,47.3,159.22,59.09,195.75,1324.57,46.24,44.79,77.96,12.85,9.59,24
2023-01-04,2023,1,Wednesday,4,Ho Chi Minh City,36,Good,PM2.5,false,Valid,2.0,18.19,24.1,22.07,29.25,630.58,22.7,21.65,87.26,1.13,5.34,24
2023-01-05,2023,1,Thursday,5,Ho Chi Minh City,26,Good,PM2.5,false,Valid,2.0,13.16,16.99,16.85,22.95,567.57,24.47,20.22,81.54,1.22,4.51,24
2023-01-06,2023,1,Friday,6,Ho Chi Minh City,30,Good,PM2.5,false,Valid,2.0,15.32,22.9,19.85,30.98,659.51,25.12,20.72,51.5,1.73,5.97,24
2023-01-07,2023,1,Saturday,7,Ho Chi Minh City,61,Moderate,PM2.5,false,Valid,2.79,30.56,37.77,33.67,41.11,702.34,21.29,17.12,73.67,0.35,3.62,24
2023-01-08,2023,1,Sunday,1,Ho Chi Minh City,192,Unhealthy,PM2.5,false,Valid,4.0,138.79,549.48,156.13,608.28,3266.1,51.71,53.73,84.4,50.05,11.4,24
2023-01-09,2023,1,Monday,2,Ho Chi Minh City,86,Moderate,PM2.5,false,Valid,3.21,43.03,86.43,54.33,107.92,1310.11,44.57,66.82,10.55,28.86,8.19,24
2023-01-10,2023,1,Tuesday,3,Ho Chi Minh City,51,Moderate,PM2.5,false,Valid,2.5,25.31,37.64,33.49,48.44,767.99,36.93,39.9,43.99,7.03,5.74,24
2023-01-11,2023,1,Wednesday,4,Ho Chi Minh City,53,Moderate,PM2.5,false,Valid,2.54,26.17,54.1,37.77,72.5,810.27,35.17,39.21,65.8,8.37,6.97,24
2023-01-12,2023,1,Thursday,5,Ho Chi Minh City,70,Moderate,PM2.5,false,Valid,2.79,34.7,51.65,50.52,79.66,900.39,38.67,43.91,41.13,10.89,7.47,24
2023-01-13,2023,1,Friday,6,Ho Chi Minh City,146,Poor,PM2.5,false,Valid,4.21,77.7,199.74,95.03,221.78,1749.04,42.26,71.7,22.53,50.04,14.53,24
2023-01-14,2023,1,Saturday,7,Ho Chi Minh City,182,Unhealthy,PM2.5,false,Valid,4.92,125.39,230.74,140.67,255.34,2036.65,41.23,41.71,211.72,29.42,11.94,24
2023-01-15,2023,1,Sunday,1,Ho Chi Minh City,180,Unhealthy,PM2.5,false,Valid,4.58,122.66,446.56,141.18,510.0,2462.23,39.2,35.94,137.33,24.67,12.23,24
2023-01-16,2023,1,Monday,2,Ho Chi Minh City,219,Very Unhealthy,PM2.5,true,Valid,4.67,168.61,337.93,201.31,404.77,3178.48,50.25,62.17,173.09,49.32,18.37,24
2023-01-17,2023,1,Tuesday,3,Ho Chi Minh City,188,Unhealthy,PM2.5,false,Valid,4.42,134.06,282.8,160.24,344.87,2499.22,52.5,42.85,127.32,26.21,12.23,24
2023-01-18,2023,1,Wednesday,4,Ho Chi Minh City,69,Moderate,PM2.5,false,Valid,2.96,34.69,69.54,46.18,92.25,1096.49,41.74,40.14,81.54,7.86,11.89,24
2023-01-19,2023,1,Thursday,5,Ho Chi Minh City,180,Unhealthy,PM2.5,false,Valid,4.08,122.7,373.08,155.67,465.95,2944.55,54.28,50.13,135.9,40.89,18.75,24
2023-01-20,2023,1,Friday,6,Ho Chi Minh City,163,Unhealthy,PM2.5,false,Valid,3.79,97.27,318.34,123.51,401.69,2890.59,44.47,48.12,65.8,43.59,25.16,24
2023-01-21,2023,1,Saturday,7,Ho Chi Minh City,164,Unhealthy,PM2.5,false,Valid,4.04,99.79,231.58,123.5,281.97,2155.42,50.11,42.23,110.15,21.52,14.42,24
2023-01-22,2023,1,Sunday,1,Ho Chi Minh City,158,Unhealthy,PM2.5,false,Valid,4.17,91.09,252.22,115.99,313.86,1906.47,41.76,44.41,88.69,25.75,14.07,24
2023-01-23,2023,1,Monday,2,Ho Chi Minh City,175,Unhealthy,PM2.5,false,Valid,4.21,115.03,318.2,147.5,380.0,2389.91,47.71,58.45,85.83,45.72,15.21,24
2023-01-24,2023,1,Tuesday,3,Ho Chi Minh City,138,Poor,PM2.5,false,Valid,3.79,73.17,253.26,90.67,311.44,2016.62,56.39,67.25,43.99,30.87,14.16,24
2023-01-25,2023,1,Wednesday,4,Ho Chi Minh City,90,Moderate,PM2.5,false,Valid,3.33,44.94,118.04,57.15,153.76,1244.74,48.3,42.3,128.75,4.76,12.85,24
2023-01-26,2023,1,Thursday,5,Ho Chi Minh City,168,Unhealthy,PM2.5,false,Valid,4.08,105.6,325.29,130.94,389.27,1982.97,56.85,51.25,138.76,16.36,17.7,24
2023-01-27,2023,1,Friday,6,Ho Chi Minh City,198,Unhealthy,PM2.5,false,Valid,4.13,147.51,407.7,172.51,481.04,2570.99,71.62,61.47,147.34,30.42,13.3,24
2023-01-28,2023,1,Saturday,7,Ho Chi Minh City,51,Moderate,PM2.5,false,Valid,2.54,25.39,32.93,30.19,39.23,665.9,25.4,28.95,135.9,1.59,6.22,24
2023-01-29,2023,1,Sunday,1,Ho Chi Minh City,79,Moderate,PM2.5,false,Valid,3.21,39.45,54.76,47.68,65.42,755.75,31.47,33.07,158.79,1.17,8.01,24
2023-01-30,2023,1,Monday,2,Ho Chi Minh City,146,Poor,PM2.5,false,Valid,4.42,78.13,124.54,103.54,156.47,1082.86,46.25,47.67,208.85,4.14,11.84,24
2023-01-31,2023,1,Tuesday,3,Ho Chi Minh City,165,Unhealthy,PM2.5,false,Valid,4.58,100.28,180.94,125.26,219.42,1543.76,54.28,61.08,185.97,13.39,13.64,24
2023-02-01,2023,2,Wednesday,4,Ho Chi Minh City,178,Unhealthy,PM2.5,false,Valid,4.96,119.21,222.19,143.2,249.6,1973.79,55.16,62.68,155.93,29.93,14.97,24
2023-02-02,2023,2,Thursday,5,Ho Chi Minh City,117,Poor,PM2.5,false,Valid,2.88,60.26,249.23,71.38,277.9,1152.95,44.64,48.91,160.22,10.52,8.49,24
2023-02-03,2023,2,Friday,6,Ho Chi Minh City,58,Moderate,PM2.5,false,Valid,2.63,28.9,54.11,42.43,75.6,972.15,36.28,44.04,68.66,14.05,10.44,24
2023-02-04,2023,2,Saturday,7,Ho Chi Minh City,61,Moderate,PM2.5,false,Valid,2.54,30.14,141.14,42.32,178.08,937.24,31.55,34.74,98.71,9.84,9.72,24
2023-02-05,2023,2,Sunday,1,Ho Chi Minh City,55,Moderate,PM2.5,false,Valid,2.79,27.41,51.12,40.73,72.54,807.76,30.81,38.59,157.36,9.02,9.33,24
2023-02-06,2023,2,Monday,2,Ho Chi Minh City,54,Moderate,PM2.5,false,Valid,2.33,26.71,63.59,40.69,92.01,811.94,37.3,48.65,92.98,10.17,9.17,24
2023-02-07,2023,2,Tuesday,3,Ho Chi Minh City,48,Good,PM2.5,false,Valid,2.42,24.14,47.37,35.89,68.54,728.77,37.3,44.56,66.52,8.18,7.72,24
2023-02-08,2023,2,Wednesday,4,Ho Chi Minh City,79,Moderate,Ozone,false,Valid,2.96,30.98,67.92,42.07,92.17,800.25,37.22,49.17,183.11,8.26,8.38,24
2023-02-09,2023,2,Thursday,5,Ho Chi Minh City,45,Good,PM2.5,false,Valid,2.5,22.53,33.68,32.92,48.06,678.7,31.74,37.87,138.76,4.67,7.95,24
2023-02-10,2023,2,Friday,6,Ho Chi Minh City,51,Moderate,PM2.5,false,Valid,2.75,25.15,35.61,34.6,47.48,655.05,30.82,35.5,141.62,4.1,6.74,24
2023-02-11,2023,2,Saturday,7,Ho Chi Minh City,59,Moderate,PM2.5,false,Valid,2.71,29.09,53.98,40.77,72.69,662.01,30.4,36.0,123.02,4.52,6.77,24
2023-02-12,2023,2,Sunday,1,Ho Chi Minh City,62,Moderate,PM2.5,false,Valid,2.71,30.65,44.11,44.37,62.02,688.71,35.14,38.85,67.95,3.6,7.35,24
2023-02-13,2023,2,Monday,2,Ho Chi Minh City,63,Moderate,PM2.5,false,Valid,2.67,31.6,74.25,48.23,102.77,814.99,39.34,43.25,50.07,10.37,8.14,24
2023-02-14,2023,2,Tuesday,3,Ho Chi Minh City,75,Moderate,PM2.5,false,Valid,2.83,37.58,85.94,55.45,118.5,1019.72,43.7,59.66,78.68,22.02,10.18,24
2023-02-15,2023,2,Wednesday,4,Ho Chi Minh City,119,Poor,PM2.5,false,Valid,3.88,61.03,115.04,82.39,146.24,1408.86,46.28,60.16,125.89,22.09,15.93,24
2023-02-16,2023,2,Thursday,5,Ho Chi Minh City,139,Poor,PM2.5,false,Valid,4.29,73.56,184.76,94.36,224.52,1685.06,58.24,67.08,271.8,16.06,18.77,24
2023-02-17,2023,2,Friday,6,Ho Chi Minh City,126,Poor,Ozone,false,Valid,3.38,39.0,65.92,49.24,87.02,1033.62,46.11,56.48,251.77,7.47,10.45,24
2023-02-18,2023,2,Saturday,7,Ho Chi Minh City,111,Poor,PM2.5,false,Valid,3.67,56.25,103.89,71.61,124.74,1343.49,66.32,75.34,85.12,13.54,13.2,24
2023-02-19,2023,2,Sunday,1,Ho Chi Minh City,99,Moderate,PM2.5,false,Valid,3.33,49.78,126.2,61.88,162.99,1085.36,46.8,49.97,92.98,14.01,8.8,24
2023-02-20,2023,2,Monday,2,Ho Chi Minh City,112,Poor,PM2.5,false,Valid,3.83,57.01,112.89,74.93,133.13,1119.3,53.01,53.33,168.8,9.49,10.51,24
2023-02-21,2023,2,Tuesday,3,Ho Chi Minh City,160,Unhealthy,PM2.5,false,Valid,4.42,93.71,217.26,120.52,276.04,1727.9,70.34,66.68,75.82,11.29,14.68,24
2023-02-22,2023,2,Wednesday,4,Ho Chi Minh City,118,Poor,PM2.5,false,Valid,3.88,60.47,190.44,80.68,238.45,1351.28,51.79,55.55,161.65,13.29,12.33,24
2023-02-23,2023,2,Thursday,5,Ho Chi Minh City,,N/A,,false,Insufficient Data (<75%),5.0,101.15,101.15,136.84,136.84,2162.93,39.41,32.42,0.61,31.29,13.55,1
2023-02-25,2023,2,Saturday,7,Ho Chi Minh City,123,Poor,Ozone,false,Valid,3.96,51.03,93.01,64.08,110.86,927.05,35.87,46.42,246.05,5.08,10.94,23
2023-02-26,2023,2,Sunday,1,Ho Chi Minh City,53,Moderate,Ozone,false,Valid,2.58,21.16,33.18,26.86,41.41,692.05,25.0,27.27,161.65,1.21,6.92,24
2023-02-27,2023,2,Monday,2,Ho Chi Minh City,65,Moderate,Ozone,false,Valid,2.75,29.74,79.29,39.53,106.91,981.05,44.59,47.54,171.66,4.3,11.45,24
2023-02-28,2023,2,Tuesday,3,Ho Chi Minh City,154,Unhealthy,PM2.5,false,Valid,3.79,84.9,193.69,115.9,263.91,2283.93,53.87,65.82,120.16,42.13,18.16,24
2023-03-01,2023,3,Wednesday,4,Ho Chi Minh City,127,Poor,PM2.5,false,Valid,4.04,66.17,132.01,93.42,180.51,1448.63,57.02,87.9,197.41,26.85,15.66,24
2023-03-02,2023,3,Thursday,5,Ho Chi Minh City,156,Unhealthy,Ozone,false,Valid,4.29,72.3,145.35,98.63,189.99,1480.62,53.09,72.26,311.85,21.36,18.25,24
2023-03-03,2023,3,Friday,6,Ho Chi Minh City,212,Very Unhealthy,Ozone,true,Valid,4.5,123.68,266.42,153.18,285.3,1819.69,66.29,80.11,446.32,20.32,19.86,24
2023-03-04,2023,3,Saturday,7,Ho Chi Minh City,,N/A,,false,Insufficient Data (<75%),5.0,103.3,103.3,130.82,130.82,2002.72,46.61,36.24,0.45,24.81,23.05,1
2023-03-05,2023,3,Sunday,1,Ho Chi Minh City,156,Unhealthy,PM2.5,false,Valid,4.57,87.43,215.98,114.1,270.97,1538.9,45.62,52.39,277.52,13.5,14.88,23
2023-03-06,2023,3,Monday,2,Ho Chi Minh City,158,Unhealthy,PM2.5,false,Valid,4.33,91.16,280.07,118.03,344.1,1625.26,54.57,64.95,240.33,16.65,14.21,24
2023-03-07,2023,3,Tuesday,3,Ho Chi Minh City,136,Poor,Ozone,false,Valid,3.83,52.63,131.58,72.89,176.48,1091.2,39.22,48.98,271.8,8.48,10.97,24
2023-03-08,2023,3,Wednesday,4,Ho Chi Minh City,152,Unhealthy,Ozone,false,Valid,3.58,49.41,101.21,68.04,134.74,951.85,38.48,51.59,303.27,7.96,10.65,24
2023-03-09,2023,3,Thursday,5,Ho Chi Minh City,163,Unhealthy,Ozone,false,Valid,3.92,56.02,111.91,79.67,155.03,1028.06,39.63,51.64,326.16,10.79,11.52,24
2023-03-10,2023,3,Friday,6,Ho Chi Minh City,183,Unhealthy,Ozone,false,Valid,3.54,58.38,136.31,78.38,176.76,924.45,34.51,48.12,366.21,8.72,8.8,24
2023-03-11,2023,3,Saturday,7,Ho Chi Minh City,116,Poor,Ozone,false,Valid,2.96,31.96,68.73,46.71,83.51,638.78,24.68,31.45,231.74,2.4,6.25,24
2023-03-12,2023,3,Sunday,1,Ho Chi Minh City,101,Poor,Ozone,false,Valid,3.0,30.17,69.32,44.52,96.49,732.94,32.93,37.48,200.27,4.67,7.63,24
2023-03-13,2023,3,Monday,2,Ho Chi Minh City,123,Poor,Ozone,false,Valid,3.75,48.3,84.32,66.73,113.21,1092.59,48.74,65.35,246.05,12.86,13.19,24
2023-03-14,2023,3,Tuesday,3,Ho Chi Minh City,143,Poor,Ozone,false,Valid,3.67,42.99,93.3,56.24,122.27,835.86,34.88,50.89,286.1,8.85,8.8,24
2023-03-15,2023,3,Wednesday,4,Ho Chi Minh City,109,Poor,Ozone,false,Valid,2.96,26.62,63.17,37.34,83.31,669.94,29.38,37.36,217.44,4.2,6.87,24
2023-03-16,2023,3,Thursday,5,Ho Chi Minh City,49,Good,Ozone,false,Valid,2.58,18.59,32.47,27.85,45.4,583.15,27.92,33.73,157.36,2.57,6.21,24
2023-03-17,2023,3,Friday,6,Ho Chi Minh City,115,Poor,Ozone,false,Valid,2.75,23.97,57.01,34.92,66.95,682.17,32.07,41.76,228.88,4.25,8.01,24
2023-03-18,2023,3,Saturday,7,Ho Chi Minh City,60,Moderate,Ozone,false,Valid,2.33,13.8,24.48,22.73,30.34,473.42,21.77,24.55,167.37,1.7,5.17,24
2023-03-19,2023,3,Sunday,1,Ho Chi Minh City,42,Good,Ozone,false,Valid,2.25,14.69,21.02,23.39,30.95,475.23,22.01,24.79,137.33,2.04,4.96,24
2023-03-20,2023,3,Monday,2,Ho Chi Minh City,31,Good,PM2.5,false,Valid,2.13,15.89,25.35,26.61,39.17,539.48,30.68,32.32,100.14,2.85,5.57,24
2023-03-21,2023,3,Tuesday,3,Ho Chi Minh City,93,Moderate,Ozone,false,Valid,2.71,24.22,37.57,37.16,48.52,618.89,32.43,38.51,194.55,3.68,6.52,24
2023-03-22,2023,3,Wednesday,4,Ho Chi Minh City,96,Moderate,Ozone,false,Valid,2.5,21.38,32.45,32.72,44.02,589.13,30.08,35.83,197.41,4.17,6.38,24
2023-03-23,2023,3,Thursday,5,Ho Chi Minh City,48,Good,PM2.5,false,Valid,2.54,24.27,38.37,34.9,54.12,679.81,30.25,39.45,117.3,8.73,7.36,24
2023-03-24,2023,3,Friday,6,Ho Chi Minh City,48,Good,PM2.5,false,Valid,2.54,24.35,39.65,35.23,54.65,685.65,33.13,43.05,144.48,8.15,7.81,24
2023-03-25,2023,3,Saturday,7,Ho Chi Minh City,63,Moderate,PM2.5,false,Valid,2.63,31.43,152.76,42.11,174.02,842.95,23.37,24.78,111.58,10.81,7.53,24
2023-03-26,2023,3,Sunday,1,Ho Chi Minh City,65,Moderate,PM2.5,false,Valid,2.58,32.21,206.49,42.72,233.21,836.69,27.31,40.17,86.55,17.61,7.73,24
2023-03-27,2023,3,Monday,2,Ho Chi Minh City,33,Good,PM2.5,false,Valid,2.04,16.57,25.13,25.78,35.98,535.03,31.42,31.84,75.1,3.06,5.25,24
2023-03-28,2023,3,Tuesday,3,Ho Chi Minh City,39,Good,PM2.5,false,Valid,2.25,19.95,28.73,28.95,40.72,514.73,28.75,28.76,70.81,1.34,4.86,24
2023-03-29,2023,3,Wednesday,4,Ho Chi Minh City,43,Good,PM2.5,false,Valid,2.33,21.79,35.89,31.97,48.57,659.51,35.04,43.69,135.9,4.7,7.04,24
2023-03-30,2023,3,Thursday,5,Ho Chi Minh City,35,Good,PM2.5,false,Valid,2.17,17.87,28.84,29.38,43.98,605.26,33.59,36.12,101.57,5.36,6.61,24
2023-03-31,2023,3,Friday,6,Ho Chi Minh City,33,Good,PM2.5,false,Valid,2.17,16.84,24.31,27.72,37.48,586.35,31.19,32.25,105.86,2.64,5.69,24
2023-04-01,2023,4,Saturday,7,Ho Chi Minh City,35,Good,PM2.5,false,Valid,2.21,17.53,50.33,27.53,70.26,631.13,29.87,28.83,62.94,3.22,6.01,24
2023-04-02,2023,4,Sunday,1,Ho Chi Minh City,65,Moderate,Ozone,false,Valid,2.67,23.93,59.05,33.03,80.92,646.43,28.07,35.87,171.66,7.36,6.22,24
2023-04-03,2023,4,Monday,2,Ho Chi Minh City,90,Moderate,PM2.5,false,Valid,3.21,45.29,110.45,58.45,135.94,1124.58,38.21,57.42,98.71,26.46,11.22,24
2023-04-04,2023,4,Tuesday,3,Ho Chi Minh City,61,Moderate,PM2.5,false,Valid,2.46,30.14,118.94,41.13,149.37,874.8,40.44,54.66,65.09,19.63,8.37,24
2023-04-05,2023,4,Wednesday,4,Ho Chi Minh City,80,Moderate,PM2.5,false,Valid,2.71,40.16,199.97,53.44,247.92,1068.95,29.0,39.91,65.09,22.63,9.14,24
2023-04-06,2023,4,Thursday,5,Ho Chi Minh City,70,Moderate,PM2.5,false,Valid,2.71,34.74,261.78,46.07,322.31,913.18,35.32,44.68,153.06,15.13,7.64,24
2023-04-07,2023,4,Friday,6,Ho Chi Minh City,45,Good,Ozone,false,Valid,2.67,22.15,34.06,30.56,46.58,657.56,30.12,33.76,144.48,5.32,5.78,24
2023-04-08,2023,4,Saturday,7,Ho Chi Minh City,39,Good,Ozone,false,Valid,2.46,18.05,38.04,24.97,48.94,535.17,21.98,25.66,127.32,3.3,4.98,24
2023-04-09,2023,4,Sunday,1,Ho Chi Minh City,78,Moderate,PM2.5,false,Valid,3.25,39.14,70.39,49.42,89.47,770.21,37.72,42.36,181.67,6.05,7.17,24
2023-04-10,2023,4,Monday,2,Ho Chi Minh City,82,Moderate,PM2.5,false,Valid,3.21,41.0,88.22,57.5,106.2,1021.38,44.98,46.94,117.3,6.7,7.33,24
2023-04-11,2023,4,Tuesday,3,Ho Chi Minh City,59,Moderate,PM2.5,false,Valid,2.92,29.48,53.91,47.98,77.3,1024.72,43.86,45.96,134.47,3.43,8.55,24
2023-04-12,2023,4,Wednesday,4,Ho Chi Minh City,99,Moderate,PM2.5,false,Valid,3.5,49.85,102.18,66.11,123.13,1254.2,42.14,56.47,154.5,17.41,11.3,24
2023-04-13,2023,4,Thursday,5,Ho Chi Minh City,116,Poor,Ozone,false,Valid,3.13,31.73,51.1,42.64,71.36,856.72,31.64,44.76,231.74,9.79,8.65,24
2023-04-14,2023,4,Friday,6,Ho Chi Minh City,67,Moderate,PM2.5,false,Valid,2.83,33.62,86.6,44.44,111.26,1054.21,40.56,53.37,130.18,13.07,10.01,24
2023-04-15,2023,4,Saturday,7,Ho Chi Minh City,95,Moderate,PM2.5,false,Valid,3.63,47.88,90.24,56.77,102.88,1173.26,56.34,60.55,154.5,9.77,8.05,24
2023-04-16,2023,4,Sunday,1,Ho Chi Minh City,64,Moderate,PM2.5,false,Valid,2.75,32.05,71.31,40.94,82.28,1078.41,47.04,49.93,36.84,11.93,7.42,24
2023-04-17,2023,4,Monday,2,Ho Chi Minh City,52,Moderate,PM2.5,false,Valid,2.63,25.6,43.47,39.19,69.38,1038.63,35.17,36.66,115.87,8.0,7.61,24
2023-04-18,2023,4,Tuesday,3,Ho Chi Minh City,64,Moderate,PM2.5,false,Valid,3.08,32.02,93.84,44.54,122.28,1035.29,27.78,35.35,157.36,13.66,8.44,24
2023-04-19,2023,4,Wednesday,4,Ho Chi Minh City,86,Moderate,Ozone,false,Valid,2.92,33.5,102.31,44.15,133.22,973.26,29.73,40.84,188.83,10.67,9.36,24
2023-04-20,2023,4,Thursday,5,Ho Chi Minh City,63,Moderate,PM2.5,false,Valid,2.88,31.59,55.34,38.79,68.07,892.04,26.65,30.3,143.05,6.13,8.24,24
2023-04-21,2023,4,Friday,6,Ho Chi Minh City,103,Poor,PM2.5,false,Valid,3.67,51.75,96.65,64.82,127.13,1388.55,40.45,45.87,154.5,11.37,12.23,24
2023-04-22,2023,4,Saturday,7,Ho Chi Minh City,83,Moderate,PM2.5,false,Valid,3.33,41.67,61.87,49.63,71.68,873.96,24.93,28.63,180.24,2.38,6.64,24
2023-04-23,2023,4,Sunday,1,Ho Chi Minh City,54,Moderate,PM2.5,false,Valid,2.67,26.95,62.12,36.66,75.02,801.92,28.56,32.31,104.43,6.23,5.89,24
2023-04-24,2023,4,Monday,2,Ho Chi Minh City,43,Good,PM2.5,false,Valid,2.25,21.67,43.84,31.05,61.03,745.18,32.9,41.8,123.02,7.19,7.12,24
2023-04-25,2023,4,Tuesday,3,Ho Chi Minh City,32,Good,PM2.5,false,Valid,2.13,16.21,29.18,24.87,40.55,582.59,30.36,35.68,80.11,3.9,5.96,24
2023-04-26,2023,4,Wednesday,4,Ho Chi Minh City,75,Moderate,Ozone,false,Valid,2.79,26.96,51.71,38.14,69.6,787.73,38.19,49.04,180.24,7.2,7.61,24
2023-04-27,2023,4,Thursday,5,Ho Chi Minh City,116,Poor,Ozone,false,Valid,2.83,27.72,54.78,39.68,74.15,801.09,33.07,40.33,231.74,3.87,6.99,24
2023-04-28,2023,4,Friday,6,Ho Chi Minh City,37,Good,PM2.5,false,Valid,2.17,18.63,36.12,28.62,52.56,777.17,36.09,42.02,85.12,4.27,7.29,24
2023-04-29,2023,4,Saturday,7,Ho Chi Minh City,38,Good,PM2.5,false,Valid,2.13,19.0,31.2,26.77,44.51,690.1,32.32,33.91,42.56,2.1,5.63,24
2023-04-30,2023,4,Sunday,1,Ho Chi Minh City,59,Moderate,PM2.5,false,Valid,2.67,29.51,49.5,37.97,61.17,802.2,36.5,43.54,55.79,6.75,6.81,24
2023-05-01,2023,5,Monday,2,Ho Chi Minh City,79,Moderate,Ozone,false,Valid,2.83,25.28,49.72,35.21,66.51,789.96,29.61,39.27,183.11,5.56,7.21,24
2023-05-02,2023,5,Tuesday,3,Ho Chi Minh City,93,Moderate,Ozone,false,Valid,2.63,25.98,63.11,36.33,72.4,862.28,37.63,46.74,194.55,4.54,8.67,24
2023-05-03,2023,5,Wednesday,4,Ho Chi Minh City,32,Good,PM2.5,false,Valid,2.0,16.45,23.81,24.95,33.76,643.93,34.21,37.89,76.53,3.38,6.56,24
2023-05-04,2023,5,Thursday,5,Ho Chi Minh City,60,Moderate,PM2.5,false,Valid,2.54,29.74,44.52,41.08,60.34,626.13,33.14,37.04,75.1,3.49,6.71,24
2023-05-05,2023,5,Friday,6,Ho Chi Minh City,71,Moderate,PM2.5,false,Valid,3.0,35.46,45.5,46.28,61.45,764.37,32.96,35.64,97.27,4.65,10.87,24
2023-05-06,2023,5,Saturday,7,Ho Chi Minh City,39,Good,PM2.5,false,Valid,2.17,19.72,41.04,25.04,49.91,588.58,20.95,21.05,67.23,2.8,9.04,24
2023-05-07,2023,5,Sunday,1,Ho Chi Minh City,48,Good,PM2.5,false,Valid,2.38,24.37,39.57,31.5,52.72,808.88,26.36,25.66,67.23,3.68,9.68,24
2023-05-08,2023,5,Monday,2,Ho Chi Minh City,126,Poor,PM2.5,false,Valid,3.54,65.63,171.18,83.52,204.25,1661.42,51.79,70.4,26.82,38.76,10.64,24
2023-05-09,2023,5,Tuesday,3,Ho Chi Minh City,165,Unhealthy,PM2.5,false,Valid,4.25,100.04,216.55,123.11,245.96,2354.3,48.27,98.67,1.59,79.89,14.36,24
2023-05-10,2023,5,Wednesday,4,Ho Chi Minh City,106,Poor,PM2.5,false,Valid,3.63,53.3,98.54,68.98,126.43,1497.86,35.99,58.04,103.0,33.88,10.72,24
2023-05-11,2023,5,Thursday,5,Ho Chi Minh City,73,Moderate,PM2.5,false,Valid,2.83,36.61,74.85,50.83,107.41,1215.26,40.98,52.05,11.62,22.22,9.4,24
2023-05-12,2023,5,Friday,6,Ho Chi Minh City,118,Poor,PM2.5,false,Valid,3.42,60.47,157.25,81.63,210.44,1742.64,34.06,44.04,32.9,32.35,11.18,24
2023-05-13,2023,5,Saturday,7,Ho Chi Minh City,60,Moderate,PM2.5,false,Valid,2.63,29.69,81.06,38.41,104.11,949.07,33.4,40.12,82.25,13.05,7.95,24
2023-05-14,2023,5,Sunday,1,Ho Chi Minh City,161,Unhealthy,PM2.5,false,Valid,3.33,95.63,382.32,113.1,432.81,2076.71,32.2,40.64,60.08,42.58,12.77,24
2023-05-15,2023,5,Monday,2,Ho Chi Minh City,164,Unhealthy,PM2.5,false,Valid,4.79,99.39,430.63,115.94,492.8,1700.08,45.55,59.2,208.85,27.0,11.43,24
2023-05-16,2023,5,Tuesday,3,Ho Chi Minh City,161,Unhealthy,PM2.5,false,Valid,4.08,94.66,248.18,114.6,309.93,2013.56,48.6,50.5,127.32,21.41,12.16,24
2023-05-17,2023,5,Wednesday,4,Ho Chi Minh City,151,Unhealthy,PM2.5,false,Valid,3.88,81.14,202.53,98.78,248.85,1929.84,44.21,61.97,18.78,42.88,11.15,24
2023-05-18,2023,5,Thursday,5,Ho Chi Minh City,120,Poor,PM2.5,false,Valid,3.75,62.0,126.06,73.95,148.55,1438.9,36.47,48.2,76.53,30.89,10.42,24
2023-05-19,2023,5,Friday,6,Ho Chi Minh City,76,Moderate,PM2.5,false,Valid,2.96,37.92,91.26,50.15,112.6,1131.81,32.9,38.58,38.27,17.11,9.42,24
2023-05-20,2023,5,Saturday,7,Ho Chi Minh City,55,Moderate,PM2.5,false,Valid,2.54,27.22,45.44,35.36,61.35,900.39,26.78,33.17,5.23,12.43,7.55,24
2023-05-21,2023,5,Sunday,1,Ho Chi Minh City,78,Moderate,PM2.5,false,Valid,2.92,38.81,112.82,46.77,130.9,1152.12,30.4,34.47,18.24,14.16,8.76,24
2023-05-22,2023,5,Monday,2,Ho Chi Minh City,128,Poor,PM2.5,false,Valid,3.83,66.54,124.88,80.66,150.98,1683.39,35.0,43.69,18.95,26.97,10.74,24
2023-05-23,2023,5,Tuesday,3,Ho Chi Minh City,104,Poor,PM2.5,false,Valid,3.54,52.28,92.17,64.55,120.14,1326.52,30.41,38.71,111.58,21.44,9.46,24
2023-05-24,2023,5,Wednesday,4,Ho Chi Minh City,105,Poor,PM2.5,false,Valid,3.21,52.85,155.07,66.17,193.33,1458.64,28.37,38.83,8.05,26.61,9.94,24
2023-05-25,2023,5,Thursday,5,Ho Chi Minh City,187,Unhealthy,PM2.5,false,Valid,3.83,132.6,343.03,151.53,380.93,2952.06,41.91,60.68,29.33,68.34,14.8,24
2023-05-26,2023,5,Friday,6,Ho Chi Minh City,113,Poor,PM2.5,false,Valid,3.17,57.95,392.74,68.86,445.1,1398.29,33.46,43.03,18.24,26.8,8.69,24
2023-05-27,2023,5,Saturday,7,Ho Chi Minh City,76,Moderate,PM2.5,false,Valid,2.96,38.22,64.69,45.02,76.37,1007.76,30.76,41.32,53.64,16.62,7.66,24
2023-05-28,2023,5,Sunday,1,Ho Chi Minh City,85,Moderate,PM2.5,false,Valid,3.17,42.7,79.2,52.25,96.26,1102.33,27.55,33.01,75.1,15.79,9.26,24
2023-05-29,2023,5,Monday,2,Ho Chi Minh City,81,Moderate,PM2.5,false,Valid,3.13,40.4,71.94,50.42,89.46,1183.27,26.18,37.25,24.32,22.9,8.73,24
2023-05-30,2023,5,Tuesday,3,Ho Chi Minh City,80,Moderate,PM2.5,false,Valid,3.0,39.91,112.71,48.18,134.66,1141.27,30.67,32.39,43.63,13.22,7.23,24
2023-05-31,2023,5,Wednesday,4,Ho Chi Minh City,36,Good,PM2.5,false,Valid,2.13,18.1,29.93,23.86,39.4,697.89,21.26,26.08,70.1,9.93,5.99,24
2023-06-01,2023,6,Thursday,5,Ho Chi Minh City,37,Good,PM2.5,false,Valid,2.21,18.89,37.56,24.44,48.74,748.79,21.58,25.07,21.28,10.22,5.8,24
2023-06-02,2023,6,Friday,6,Ho Chi Minh City,62,Moderate,PM2.5,false,Valid,2.75,31.0,58.0,39.28,75.75,974.93,26.92,30.22,23.25,13.71,7.23,24
2023-06-03,2023,6,Saturday,7,Ho Chi Minh City,89,Moderate,PM2.5,false,Valid,3.25,44.54,94.91,53.87,117.73,1276.17,23.12,29.88,82.97,20.67,8.92,24
2023-06-04,2023,6,Sunday,1,Ho Chi Minh City,76,Moderate,PM2.5,false,Valid,2.83,38.21,101.76,47.1,123.24,1139.04,17.74,28.93,46.49,25.35,8.14,24
2023-06-05,2023,6,Monday,2,Ho Chi Minh City,58,Moderate,PM2.5,false,Valid,2.63,29.02,62.87,35.39,75.4,966.59,23.93,39.43,6.71,22.31,7.27,24
2023-06-06,2023,6,Tuesday,3,Ho Chi Minh City,61,Moderate,PM2.5,false,Valid,2.54,30.17,91.57,37.81,111.42,1016.66,23.16,30.97,19.85,17.68,7.79,24
2023-06-07,2023,6,Wednesday,4,Ho Chi Minh City,65,Moderate,PM2.5,false,Valid,2.67,32.18,42.77,37.18,50.07,956.02,28.99,29.22,45.78,7.98,6.01,24
2023-06-08,2023,6,Thursday,5,Ho Chi Minh City,51,Moderate,PM2.5,false,Valid,2.58,25.33,40.8,30.99,47.28,764.65,24.38,24.13,51.5,6.01,6.53,24
2023-06-09,2023,6,Friday,6,Ho Chi Minh City,94,Moderate,PM2.5,false,Valid,3.25,47.12,102.78,56.11,125.41,1172.42,31.62,27.37,50.78,8.12,7.56,24
2023-06-10,2023,6,Saturday,7,Ho Chi Minh City,54,Moderate,PM2.5,false,Valid,2.67,26.76,35.18,31.12,41.92,764.37,22.0,18.02,33.97,2.3,5.15,24
2023-06-11,2023,6,Sunday,1,Ho Chi Minh City,48,Good,PM2.5,false,Valid,2.46,24.47,58.95,30.37,71.18,734.61,21.2,17.56,59.37,1.58,6.9,24
2023-06-12,2023,6,Monday,2,Ho Chi Minh City,108,Poor,PM2.5,false,Valid,3.71,54.33,80.04,64.47,99.04,1218.6,32.83,32.18,56.51,10.91,7.93,24
2023-06-13,2023,6,Tuesday,3,Ho Chi Minh City,109,Poor,PM2.5,false,Valid,3.67,55.31,76.64,67.33,92.79,1110.95,31.92,33.89,110.15,11.08,8.56,24
2023-06-14,2023,6,Wednesday,4,Ho Chi Minh City,158,Unhealthy,PM2.5,false,Valid,4.21,90.98,226.14,109.35,274.66,1973.51,38.16,39.47,57.22,23.13,11.3,24
2023-06-15,2023,6,Thursday,5,Ho Chi Minh City,120,Poor,PM2.5,false,Valid,3.96,61.68,112.37,74.49,142.19,1399.4,29.4,34.75,80.82,19.83,9.89,24
2023-06-16,2023,6,Friday,6,Ho Chi Minh City,155,Unhealthy,PM2.5,false,Valid,4.21,86.45,194.05,99.33,228.16,1739.58,39.32,50.25,100.14,30.1,12.05,24
2023-06-17,2023,6,Saturday,7,Ho Chi Minh City,120,Poor,PM2.5,false,Valid,3.71,61.7,123.7,72.07,138.92,1459.48,33.39,34.15,14.48,15.39,10.1,24
2023-06-18,2023,6,Sunday,1,Ho Chi Minh City,97,Moderate,PM2.5,false,Valid,3.33,48.56,113.85,57.17,130.12,1173.54,24.69,27.88,82.25,13.54,9.24,24
2023-06-19,2023,6,Monday,2,Ho Chi Minh City,154,Unhealthy,PM2.5,false,Valid,4.5,85.25,147.35,97.98,171.25,1458.65,39.29,46.94,117.3,19.34,10.61,24
2023-06-20,2023,6,Tuesday,3,Ho Chi Minh City,151,Unhealthy,PM2.5,false,Valid,4.25,80.63,148.44,96.19,187.21,1613.02,29.73,37.07,114.44,23.95,11.05,24
2023-06-21,2023,6,Wednesday,4,Ho Chi Minh City,168,Unhealthy,PM2.5,false,Valid,3.96,105.51,269.38,127.68,332.93,2415.22,28.84,49.07,1.68,57.46,13.28,24
2023-06-22,2023,6,Thursday,5,Ho Chi Minh City,209,Very Unhealthy,PM2.5,true,Valid,4.29,159.02,378.93,182.32,440.7,2854.15,51.47,62.88,90.84,65.16,15.56,24
2023-06-23,2023,6,Friday,6,Ho Chi Minh City,175,Unhealthy,PM2.5,false,Valid,4.79,115.37,222.11,134.76,245.81,2033.59,42.23,49.05,114.44,32.05,12.39,24
2023-06-24,2023,6,Saturday,7,Ho Chi Minh City,170,Unhealthy,PM2.5,false,Valid,3.75,107.62,367.41,131.47,446.67,3011.03,21.47,36.92,7.42,66.13,15.73,24
2023-06-25,2023,6,Sunday,1,Ho Chi Minh City,261,Very Unhealthy,PM2.5,true,Valid,3.92,211.11,608.36,234.51,638.96,4123.65,26.3,64.55,2.06,132.06,23.06,24
2023-06-26,2023,6,Monday,2,Ho Chi Minh City,180,Unhealthy,PM2.5,false,Valid,4.0,122.0,566.34,139.0,600.28,2395.19,27.45,68.71,0.37,78.11,19.88,24
2023-06-27,2023,6,Tuesday,3,Ho Chi Minh City,310,Hazardous,PM2.5,true,Valid,4.33,261.96,704.84,290.47,752.64,4805.96,39.32,107.55,2.79,129.18,54.16,24
2023-06-28,2023,6,Wednesday,4,Ho Chi Minh City,143,Poor,PM2.5,false,Valid,4.21,76.11,264.74,89.51,293.5,1650.29,36.27,53.43,43.63,37.7,11.2,24
2023-06-29,2023,6,Thursday,5,Ho Chi Minh City,173,Unhealthy,PM2.5,false,Valid,3.88,111.83,309.2,138.32,384.77,2720.08,31.1,42.32,29.33,51.33,14.78,24
2023-06-30,2023,6,Friday,6,Ho Chi Minh City,101,Poor,PM2.5,false,Valid,3.54,50.31,98.76,60.92,120.72,1261.99,35.24,40.37,107.29,14.8,8.88,24
2023-07-01,2023,7,Saturday,7,Ho Chi Minh City,57,Moderate,PM2.5,false,Valid,2.54,28.53,47.5,33.31,56.13,899.27,22.69,22.34,83.68,8.5,6.05,24
2023-07-02,2023,7,Sunday,1,Ho Chi Minh City,85,Moderate,PM2.5,false,Valid,3.21,42.64,80.1,51.0,96.95,1148.78,25.42,31.43,58.65,17.38,8.41,24
2023-07-03,2023,7,Monday,2,Ho Chi Minh City,130,Poor,PM2.5,false,Valid,3.5,68.21,158.34,79.9,182.38,1582.42,24.8,45.22,60.08,43.68,13.56,24
2023-07-04,2023,7,Tuesday,3,Ho Chi Minh City,104,Poor,PM2.5,false,Valid,3.46,52.12,129.96,62.88,149.39,1250.03,25.08,32.59,127.32,20.46,10.35,24
2023-07-05,2023,7,Wednesday,4,Ho Chi Minh City,193,Unhealthy,PM2.5,false,Valid,4.58,140.1,295.07,156.68,317.29,2732.87,68.92,94.1,51.5,71.52,10.81,24
2023-07-06,2023,7,Thursday,5,Ho Chi Minh City,228,Very Unhealthy,PM2.5,true,Valid,4.83,177.62,360.9,195.93,387.91,2554.02,74.0,83.19,137.33,41.68,16.31,24
2023-07-07,2023,7,Friday,6,Ho Chi Minh City,260,Very Unhealthy,PM2.5,true,Valid,4.88,209.72,446.0,234.15,490.71,3409.62,62.26,86.19,75.82,66.62,26.37,24
2023-07-08,2023,7,Saturday,7,Ho Chi Minh City,140,Poor,PM2.5,false,Valid,3.71,73.98,222.26,85.07,243.3,1495.36,30.43,43.64,82.25,30.32,9.91,24
2023-07-09,2023,7,Sunday,1,Ho Chi Minh City,227,Very Unhealthy,PM2.5,true,Valid,3.71,176.57,429.93,200.74,496.15,3602.66,30.78,52.27,21.46,76.83,21.66,24
2023-07-10,2023,7,Monday,2,Ho Chi Minh City,226,Very Unhealthy,PM2.5,true,Valid,4.21,176.0,501.96,201.17,532.85,3542.86,38.07,64.77,29.68,76.76,27.42,24
2023-07-11,2023,7,Tuesday,3,Ho Chi Minh City,170,Unhealthy,PM2.5,false,Valid,4.25,108.04,571.07,123.53,611.76,1970.45,33.57,50.43,78.68,41.09,13.29,24
2023-07-12,2023,7,Wednesday,4,Ho Chi Minh City,123,Poor,PM2.5,false,Valid,4.08,63.84,90.42,76.14,104.11,1410.8,33.11,44.86,36.12,26.58,10.53,24
2023-07-13,2023,7,Thursday,5,Ho Chi Minh City,95,Moderate,PM2.5,false,Valid,3.42,47.47,85.49,56.45,104.19,1240.29,27.6,40.91,17.52,26.39,8.95,24
2023-07-14,2023,7,Friday,6,Ho Chi Minh City,61,Moderate,PM2.5,false,Valid,2.67,30.25,54.48,37.34,65.34,908.18,24.5,29.22,41.84,13.72,7.34,24
2023-07-15,2023,7,Saturday,7,Ho Chi Minh City,30,Good,PM2.5,false,Valid,1.88,15.26,34.55,21.0,44.07,603.87,19.24,16.66,47.21,3.84,5.43,24
2023-07-16,2023,7,Sunday,1,Ho Chi Minh City,13,Good,PM2.5,false,Valid,1.13,6.7,11.57,9.12,15.92,407.78,14.25,11.25,23.6,0.87,3.88,24
2023-07-17,2023,7,Monday,2,Ho Chi Minh City,13,Good,PM2.5,false,Valid,1.0,6.63,8.39,8.72,11.13,401.66,13.79,11.44,27.89,1.29,3.36,24
2023-07-18,2023,7,Tuesday,3,Ho Chi Minh City,18,Good,PM2.5,false,Valid,1.29,9.47,13.04,12.25,17.62,479.54,17.94,16.29,30.04,2.61,3.79,24
2023-07-19,2023,7,Wednesday,4,Ho Chi Minh City,,N/A,,false,Insufficient Data (<75%),1.0,9.65,9.65,12.66,12.66,460.62,16.96,16.69,4.87,3.13,4.31,1
2023-07-20,2023,7,Thursday,5,Ho Chi Minh City,37,Good,PM2.5,false,Valid,2.17,18.72,29.23,23.84,37.95,717.2,21.67,25.86,9.75,10.53,6.02,23
2023-07-21,2023,7,Friday,6,Ho Chi Minh City,40,Good,PM2.5,false,Valid,2.25,20.46,38.96,26.73,49.38,759.64,23.83,29.58,7.33,12.24,6.58,24
2023-07-22,2023,7,Saturday,7,Ho Chi Minh City,52,Moderate,PM2.5,false,Valid,2.63,25.75,35.9,30.18,42.11,836.41,26.01,24.34,24.32,6.7,5.73,24
2023-07-23,2023,7,Sunday,1,Ho Chi Minh City,44,Good,PM2.5,false,Valid,2.25,22.12,29.49,26.13,37.11,724.59,22.79,20.3,49.35,3.84,4.97,24
2023-07-24,2023,7,Monday,2,Ho Chi Minh City,41,Good,PM2.5,false,Valid,2.25,20.75,29.37,26.32,39.44,724.87,21.98,24.87,27.54,9.38,5.63,24
2023-07-25,2023,7,Tuesday,3,Ho Chi Minh City,44,Good,PM2.5,false,Valid,2.25,22.03,26.6,27.47,34.68,736.55,22.13,25.19,57.94,9.4,5.76,24
2023-07-26,2023,7,Wednesday,4,Ho Chi Minh City,38,Good,PM2.5,false,Valid,2.0,19.14,44.02,24.31,54.04,716.81,19.88,23.78,44.35,10.24,6.06,24
2023-07-27,2023,7,Thursday,5,Ho Chi Minh City,17,Good,PM2.5,false,Valid,1.13,8.81,11.44,11.68,14.86,478.29,17.23,15.4,29.68,2.83,3.82,24
2023-07-28,2023,7,Friday,6,Ho Chi Minh City,19,Good,PM2.5,false,Valid,1.33,9.7,14.37,12.78,18.6,465.35,17.37,14.96,54.36,1.84,3.97,24
2023-07-29,2023,7,Saturday,7,Ho Chi Minh City,21,Good,PM2.5,false,Valid,1.5,10.83,16.92,14.26,22.7,500.68,17.18,13.72,30.76,2.12,4.16,24
2023-07-30,2023,7,Sunday,1,Ho Chi Minh City,43,Good,PM2.5,false,Valid,2.29,21.93,47.42,26.22,55.78,676.19,19.1,18.13,57.94,4.23,4.9,24
2023-07-31,2023,7,Monday,2,Ho Chi Minh City,53,Moderate,PM2.5,false,Valid,2.58,26.1,54.92,33.05,70.7,836.13,25.32,24.48,31.11,6.95,6.52,24
2023-08-01,2023,8,Tuesday,3,Ho Chi Minh City,52,Moderate,PM2.5,false,Valid,2.42,25.53,40.28,31.22,48.35,803.31,27.46,24.13,34.69,2.75,5.63,24
2023-08-02,2023,8,Wednesday,4,Ho Chi Minh City,47,Good,PM2.5,false,Valid,2.38,23.73,57.27,30.63,74.46,831.41,23.79,26.25,46.49,10.15,6.7,24
2023-08-03,2023,8,Thursday,5,Ho Chi Minh City,45,Good,PM2.5,false,Valid,2.33,22.6,34.4,27.7,41.51,770.21,24.73,22.53,32.54,4.67,5.31,24
2023-08-04,2023,8,Friday,6,Ho Chi Minh City,75,Moderate,PM2.5,false,Valid,2.96,37.44,78.52,46.75,101.2,1043.64,29.69,27.2,31.47,8.33,7.19,24
2023-08-05,2023,8,Saturday,7,Ho Chi Minh City,75,Moderate,PM2.5,false,Valid,3.0,37.53,56.39,44.33,67.96,803.87,21.93,18.42,95.84,2.51,6.01,24
2023-08-06,2023,8,Sunday,1,Ho Chi Minh City,67,Moderate,PM2.5,false,Valid,2.92,33.17,55.24,39.88,66.23,770.49,22.19,18.27,91.55,2.15,6.75,24
2023-08-07,2023,8,Monday,2,Ho Chi Minh City,42,Good,PM2.5,false,Valid,2.29,21.47,32.43,29.04,44.53,646.29,19.69,21.54,85.12,6.38,6.9,24
2023-08-08,2023,8,Tuesday,3,Ho Chi Minh City,36,Good,PM2.5,false,Valid,2.04,18.1,29.25,24.49,41.16,649.91,20.84,22.51,47.21,6.89,6.25,24
2023-08-09,2023,8,Wednesday,4,Ho Chi Minh City,36,Good,PM2.5,false,Valid,2.08,18.24,27.95,24.11,36.94,646.57,21.22,22.05,69.38,5.75,6.7,24
2023-08-10,2023,8,Thursday,5,Ho Chi Minh City,44,Good,PM2.5,false,Valid,2.21,22.1,42.34,29.09,55.77,740.17,22.04,24.76,95.84,8.55,7.23,24
2023-08-11,2023,8,Friday,6,Ho Chi Minh City,46,Good,PM2.5,false,Valid,2.29,23.49,45.06,30.27,57.04,704.71,24.31,21.34,84.4,3.3,6.6,24
2023-08-12,2023,8,Saturday,7,Ho Chi Minh City,39,Good,PM2.5,false,Valid,2.17,19.93,42.19,25.65,54.68,681.9,21.9,19.52,61.51,4.4,5.96,24
2023-08-13,2023,8,Sunday,1,Ho Chi Minh City,39,Good,PM2.5,false,Valid,2.08,19.76,38.3,25.61,50.82,703.73,21.01,20.21,40.77,6.11,5.81,24
2023-08-14,2023,8,Monday,2,Ho Chi Minh City,47,Good,PM2.5,false,Valid,2.33,23.84,40.9,29.25,50.63,723.2,24.23,27.36,88.69,7.57,5.91,24
2023-08-15,2023,8,Tuesday,3,Ho Chi Minh City,36,Good,PM2.5,false,Valid,2.21,18.46,35.4,24.0,45.94,663.12,22.7,24.48,61.51,6.69,5.82,24
2023-08-16,2023,8,Wednesday,4,Ho Chi Minh City,40,Good,PM2.5,false,Valid,2.21,20.23,32.59,25.77,43.48,675.36,22.41,25.26,56.51,8.5,5.95,24
2023-08-17,2023,8,Thursday,5,Ho Chi Minh City,85,Moderate,PM2.5,false,Valid,3.13,42.6,110.83,52.64,136.8,1114.29,26.33,34.36,94.41,18.81,9.38,24
2023-08-18,2023,8,Friday,6,Ho Chi Minh City,63,Moderate,PM2.5,false,Valid,2.67,31.61,72.04,40.07,92.1,993.01,23.03,32.78,35.41,19.59,7.79,24
2023-08-19,2023,8,Saturday,7,Ho Chi Minh City,56,Moderate,PM2.5,false,Valid,2.54,27.74,63.16,33.37,75.55,825.84,23.38,27.73,73.67,12.06,6.54,24
2023-08-20,2023,8,Sunday,1,Ho Chi Minh City,41,Good,PM2.5,false,Valid,2.25,20.89,31.07,25.77,38.21,722.37,20.61,24.33,31.83,10.58,6.01,24
2023-08-21,2023,8,Monday,2,Ho Chi Minh City,152,Unhealthy,PM2.5,false,Valid,3.58,82.64,247.83,97.78,272.9,1809.95,29.85,36.76,67.23,29.91,12.24,24
2023-08-22,2023,8,Tuesday,3,Ho Chi Minh City,123,Poor,PM2.5,false,Valid,3.71,63.91,264.72,75.42,298.76,1285.91,30.07,34.39,143.05,16.08,8.76,24
2023-08-23,2023,8,Wednesday,4,Ho Chi Minh City,58,Moderate,PM2.5,false,Valid,2.63,28.77,46.3,36.48,57.63,745.04,23.02,24.9,77.25,8.08,7.53,24
2023-08-24,2023,8,Thursday,5,Ho Chi Minh City,85,Moderate,PM2.5,false,Valid,3.33,42.52,67.42,52.51,87.74,963.81,25.79,28.17,101.57,11.59,8.39,24
2023-08-25,2023,8,Friday,6,Ho Chi Minh City,106,Poor,PM2.5,false,Valid,3.67,53.5,79.2,63.98,97.67,1048.64,31.37,37.07,104.43,14.53,9.02,24
2023-08-26,2023,8,Saturday,7,Ho Chi Minh City,32,Good,PM2.5,false,Valid,2.04,16.13,28.45,20.47,38.81,554.08,19.73,18.77,55.07,3.94,5.23,24
2023-08-27,2023,8,Sunday,1,Ho Chi Minh City,45,Good,PM2.5,false,Valid,2.29,22.75,49.87,29.22,64.96,769.1,19.56,19.99,33.97,8.79,6.21,24
2023-08-28,2023,8,Monday,2,Ho Chi Minh City,43,Good,PM2.5,false,Valid,2.21,21.53,32.64,28.16,44.59,720.42,23.37,24.55,38.27,8.08,5.99,24
2023-08-29,2023,8,Tuesday,3,Ho Chi Minh City,104,Poor,PM2.5,false,Valid,2.92,51.89,214.38,64.13,256.33,1418.59,22.46,33.83,16.99,29.87,10.23,24
2023-08-30,2023,8,Wednesday,4,Ho Chi Minh City,69,Moderate,PM2.5,false,Valid,2.79,34.38,113.38,42.88,136.9,1069.23,24.84,30.14,25.75,17.53,7.72,24
2023-08-31,2023,8,Thursday,5,Ho Chi Minh City,42,Good,PM2.5,false,Valid,2.33,21.36,38.28,27.25,48.73,783.56,26.3,26.35,27.54,7.53,5.87,24
2023-09-01,2023,9,Friday,6,Ho Chi Minh City,28,Good,PM2.5,false,Valid,1.88,14.3,28.49,18.26,35.62,634.89,22.36,21.59,19.49,5.23,4.98,24
2023-09-02,2023,9,Saturday,7,Ho Chi Minh City,18,Good,PM2.5,false,Valid,1.46,9.19,12.6,12.15,17.58,477.73,16.75,13.75,36.84,1.54,4.17,24
2023-09-03,2023,9,Sunday,1,Ho Chi Minh City,23,Good,PM2.5,false,Valid,1.42,11.63,21.63,15.04,28.94,525.85,19.06,16.81,30.76,2.82,4.49,24
2023-09-04,2023,9,Monday,2,Ho Chi Minh City,27,Good,PM2.5,false,Valid,1.83,13.77,20.65,17.09,25.81,606.1,23.2,20.79,37.55,3.32,4.3,24
2023-09-05,2023,9,Tuesday,3,Ho Chi Minh City,39,Good,PM2.5,false,Valid,2.29,19.58,33.22,25.24,44.01,747.96,24.4,24.38,32.54,7.72,5.58,24
2023-09-06,2023,9,Wednesday,4,Ho Chi Minh City,175,Unhealthy,PM2.5,false,Valid,3.63,114.4,506.82,137.74,600.91,3115.62,23.41,40.59,40.41,67.72,15.37,24
2023-09-07,2023,9,Thursday,5,Ho Chi Minh City,151,Unhealthy,PM2.5,false,Valid,3.75,80.58,252.66,100.49,315.29,2077.54,28.72,48.54,6.62,48.94,12.08,24
2023-09-08,2023,9,Friday,6,Ho Chi Minh City,74,Moderate,PM2.5,false,Valid,3.0,37.09,57.7,46.09,71.08,1108.17,29.65,41.74,3.49,23.22,8.35,24
2023-09-09,2023,9,Saturday,7,Ho Chi Minh City,48,Good,PM2.5,false,Valid,2.38,24.46,35.92,29.43,44.33,840.58,27.5,26.18,16.09,5.84,6.14,24
2023-09-10,2023,9,Sunday,1,Ho Chi Minh City,61,Moderate,PM2.5,false,Valid,2.63,30.37,48.98,34.72,57.04,968.26,26.31,25.32,43.27,7.13,5.7,24
2023-09-11,2023,9,Monday,2,Ho Chi Minh City,124,Poor,PM2.5,false,Valid,3.04,64.25,239.59,81.74,304.86,1939.85,24.89,32.15,48.64,32.95,11.67,24
2023-09-12,2023,9,Tuesday,3,Ho Chi Minh City,89,Moderate,PM2.5,false,Valid,3.21,44.42,102.02,54.73,126.34,1221.38,29.46,30.56,38.62,13.95,8.17,24
2023-09-13,2023,9,Wednesday,4,Ho Chi Minh City,118,Poor,PM2.5,false,Valid,3.58,60.82,123.72,74.6,157.73,1515.39,28.82,33.28,26.46,24.64,10.28,24
2023-09-14,2023,9,Thursday,5,Ho Chi Minh City,96,Moderate,PM2.5,false,Valid,3.33,48.45,112.04,55.89,131.65,1185.5,34.12,33.5,47.21,9.04,7.06,24
2023-09-15,2023,9,Friday,6,Ho Chi Minh City,69,Moderate,PM2.5,false,Valid,2.83,34.66,63.52,42.94,81.96,1078.69,27.12,23.9,44.7,8.32,7.43,24
2023-09-16,2023,9,Saturday,7,Ho Chi Minh City,164,Unhealthy,PM2.5,false,Valid,3.96,99.21,244.38,112.75,279.81,2141.52,31.18,35.03,50.07,32.02,12.24,24
2023-09-17,2023,9,Sunday,1,Ho Chi Minh City,187,Unhealthy,PM2.5,false,Valid,3.88,132.84,435.3,146.69,458.94,2611.04,34.17,47.73,128.75,50.84,18.01,24
2023-09-18,2023,9,Monday,2,Ho Chi Minh City,170,Unhealthy,PM2.5,false,Valid,4.38,108.57,497.05,123.05,531.17,2257.23,41.89,64.99,11.98,55.67,12.18,24
2023-09-19,2023,9,Tuesday,3,Ho Chi Minh City,205,Very Unhealthy,PM2.5,true,Valid,3.96,154.84,464.1,176.72,506.01,3488.34,41.55,64.07,41.84,73.07,21.62,24
2023-09-20,2023,9,Wednesday,4,Ho Chi Minh City,191,Unhealthy,PM2.5,false,Valid,4.38,138.42,385.6,164.83,462.07,3508.65,58.65,78.08,53.64,66.5,15.59,24
2023-09-21,2023,9,Thursday,5,Ho Chi Minh City,152,Unhealthy,PM2.5,false,Valid,4.25,81.96,186.81,95.92,212.71,1946.53,58.61,84.5,31.47,48.6,11.99,24
2023-09-22,2023,9,Friday,6,Ho Chi Minh City,135,Poor,PM2.5,false,Valid,3.83,70.95,227.39,87.59,263.76,1813.01,55.76,90.3,3.76,55.65,11.42,24
2023-09-23,2023,9,Saturday,7,Ho Chi Minh City,193,Unhealthy,PM2.5,false,Valid,3.96,140.97,345.84,160.26,404.98,3026.33,30.33,60.26,12.87,69.59,27.92,24
2023-09-24,2023,9,Sunday,1,Ho Chi Minh City,,N/A,,false,Insufficient Data (<75%),5.0,187.15,187.15,204.38,204.38,3578.19,20.39,40.05,0.12,92.09,18.24,1
2023-09-25,2023,9,Monday,2,Ho Chi Minh City,40,Good,PM2.5,false,Valid,2.3,20.43,38.62,24.88,45.46,851.88,22.38,26.45,10.82,10.84,5.6,23
2023-09-26,2023,9,Tuesday,3,Ho Chi Minh City,30,Good,PM2.5,false,Valid,2.0,15.27,24.13,19.84,31.89,713.19,23.03,23.86,13.05,7.21,5.17,24
2023-09-27,2023,9,Wednesday,4,Ho Chi Minh City,49,Good,PM2.5,false,Valid,2.46,24.81,43.35,30.48,53.75,920.97,23.16,29.86,16.45,16.0,6.32,24
2023-09-28,2023,9,Thursday,5,Ho Chi Minh City,212,Very Unhealthy,PM2.5,true,Valid,4.21,161.85,540.05,180.64,597.9,3486.95,46.45,75.3,20.56,68.9,31.94,24
2023-09-29,2023,9,Friday,6,Ho Chi Minh City,78,Moderate,PM2.5,false,Valid,3.0,39.12,115.81,45.35,129.87,1187.72,26.84,27.92,98.71,12.37,6.63,24
2023-09-30,2023,9,Saturday,7,Ho Chi Minh City,,N/A,,false,Insufficient Data (<75%),3.0,30.33,30.33,34.35,34.35,1121.52,19.19,20.74,0.73,9.16,4.88,1
2023-10-02,2023,10,Monday,2,Ho Chi Minh City,82,Moderate,PM2.5,false,Valid,3.04,41.01,97.81,47.42,113.18,1255.04,31.41,45.15,33.62,24.72,7.48,23
2023-10-03,2023,10,Tuesday,3,Ho Chi Minh City,75,Moderate,PM2.5,false,Valid,3.0,37.67,72.6,43.98,83.09,1027.78,30.38,36.12,53.64,13.22,7.33,24
2023-10-04,2023,10,Wednesday,4,Ho Chi Minh City,103,Poor,PM2.5,false,Valid,3.38,51.81,134.19,63.8,164.11,1442.79,29.45,32.5,65.09,19.14,9.44,24
2023-10-05,2023,10,Thursday,5,Ho Chi Minh City,161,Unhealthy,PM2.5,false,Valid,4.04,95.5,179.21,112.32,211.17,2141.52,35.08,46.4,72.24,37.72,13.24,24
2023-10-06,2023,10,Friday,6,Ho Chi Minh City,307,Hazardous,PM2.5,true,Valid,3.92,258.62,663.39,280.35,714.66,5332.51,37.93,63.9,31.83,126.26,23.49,24
2023-10-07,2023,10,Saturday,7,Ho Chi Minh City,214,Very Unhealthy,PM2.5,true,Valid,4.17,163.48,523.24,180.73,546.15,3253.02,37.14,54.41,73.67,83.66,18.25,24
2023-10-08,2023,10,Sunday,1,Ho Chi Minh City,143,Poor,PM2.5,false,Valid,3.58,75.87,424.98,86.96,455.77,1640.0,32.47,36.77,21.64,30.4,10.0,24
2023-10-09,2023,10,Monday,2,Ho Chi Minh City,129,Poor,PM2.5,false,Valid,3.46,67.7,175.32,84.11,218.16,1945.14,24.36,38.36,88.69,38.4,10.7,24
2023-10-10,2023,10,Tuesday,3,Ho Chi Minh City,160,Unhealthy,PM2.5,false,Valid,4.13,92.98,256.28,113.89,328.03,2493.94,44.68,70.39,0.54,57.21,12.1,24
2023-10-11,2023,10,Wednesday,4,Ho Chi Minh City,282,Very Unhealthy,PM2.5,true,Valid,4.92,232.69,442.63,262.09,473.4,4046.04,92.35,90.82,171.66,39.64,16.13,24
2023-10-12,2023,10,Thursday,5,Ho Chi Minh City,240,Very Unhealthy,PM2.5,true,Valid,5.0,190.14,327.36,215.6,367.29,3528.12,79.74,100.35,56.51,71.79,15.47,24
2023-10-13,2023,10,Friday,6,Ho Chi Minh City,343,Hazardous,PM2.5,true,Valid,5.0,302.81,665.38,329.0,725.94,5098.03,81.97,84.64,6.44,93.3,22.11,24
2023-10-14,2023,10,Saturday,7,Ho Chi Minh City,176,Unhealthy,PM2.5,false,Valid,4.54,116.62,269.99,127.75,284.91,2306.46,46.4,53.17,27.54,35.66,10.06,24
2023-10-15,2023,10,Sunday,1,Ho Chi Minh City,157,Unhealthy,PM2.5,false,Valid,4.67,88.68,138.54,99.31,156.24,2098.96,47.53,68.05,25.39,38.14,11.12,24
2023-10-16,2023,10,Monday,2,Ho Chi Minh City,129,Poor,PM2.5,false,Valid,4.13,67.69,106.0,75.83,119.2,1779.08,48.81,62.77,18.24,20.41,8.86,24
2023-10-17,2023,10,Tuesday,3,Ho Chi Minh City,263,Very Unhealthy,PM2.5,true,Valid,4.38,212.86,500.75,235.94,535.21,4399.86,36.67,63.7,50.07,86.12,30.82,24
2023-10-18,2023,10,Wednesday,4,Ho Chi Minh City,341,Hazardous,PM2.5,true,Valid,4.08,300.5,733.21,321.69,768.13,5686.05,37.62,92.96,1.42,155.19,35.55,24
2023-10-19,2023,10,Thursday,5,Ho Chi Minh City,214,Very Unhealthy,PM2.5,true,Valid,4.75,163.86,673.62,181.44,711.8,2956.23,53.35,83.51,8.31,86.57,12.92,24
2023-10-20,2023,10,Friday,6,Ho Chi Minh City,271,Very Unhealthy,PM2.5,true,Valid,4.88,220.94,395.86,248.03,462.93,4303.06,79.71,76.45,82.25,71.01,16.16,24
2023-10-21,2023,10,Saturday,7,Ho Chi Minh City,158,Unhealthy,PM2.5,false,Valid,3.96,91.05,277.3,102.36,294.16,2058.63,52.62,55.46,42.56,35.05,8.48,24
2023-10-22,2023,10,Sunday,1,Ho Chi Minh City,246,Very Unhealthy,PM2.5,true,Valid,4.79,195.8,516.32,211.2,574.54,2639.13,66.92,62.04,314.71,11.28,19.38,24
2023-10-23,2023,10,Monday,2,Ho Chi Minh City,238,Very Unhealthy,PM2.5,true,Valid,5.0,187.49,330.46,210.06,371.44,3631.59,73.54,85.35,36.84,61.73,22.62,24
2023-10-24,2023,10,Tuesday,3,Ho Chi Minh City,212,Very Unhealthy,PM2.5,true,Valid,4.63,161.76,359.14,183.45,418.75,2987.94,74.24,69.78,107.29,37.75,21.04,24
2023-10-25,2023,10,Wednesday,4,Ho Chi Minh City,183,Unhealthy,PM2.5,false,Valid,4.88,127.1,379.92,148.11,409.55,2535.66,63.69,87.04,11.44,67.0,12.69,24
2023-10-26,2023,10,Thursday,5,Ho Chi Minh City,173,Unhealthy,PM2.5,false,Valid,4.0,112.39,308.36,139.21,371.79,3137.03,48.75,74.96,50.07,73.81,14.54,24
2023-10-27,2023,10,Friday,6,Ho Chi Minh City,262,Very Unhealthy,PM2.5,true,Valid,5.0,212.06,367.73,243.32,421.09,3944.24,89.15,96.04,67.95,78.46,18.79,24
2023-10-28,2023,10,Saturday,7,Ho Chi Minh City,209,Very Unhealthy,PM2.5,true,Valid,4.33,158.67,284.25,184.41,342.01,3434.66,46.28,53.7,7.87,74.34,15.97,24
2023-10-29,2023,10,Sunday,1,Ho Chi Minh City,179,Unhealthy,PM2.5,false,Valid,4.42,120.0,209.83,138.5,256.4,2642.47,45.91,53.68,5.32,62.26,15.14,24
2023-10-30,2023,10,Monday,2,Ho Chi Minh City,179,Unhealthy,PM2.5,false,Valid,4.67,120.02,237.41,145.27,303.54,2960.13,50.31,75.83,7.06,72.76,17.24,24
2023-10-31,2023,10,Tuesday,3,Ho Chi Minh City,164,Unhealthy,PM2.5,false,Valid,4.21,99.94,235.67,121.45,289.7,2678.63,52.3,64.04,67.95,51.91,15.95,24
2023-11-01,2023,11,Wednesday,4,Ho Chi Minh City,193,Unhealthy,PM2.5,false,Valid,4.67,140.23,365.75,160.09,413.72,2651.37,77.89,79.46,180.24,33.35,20.87,24
2023-11-02,2023,11,Thursday,5,Ho Chi Minh City,162,Unhealthy,PM2.5,false,Valid,4.25,96.29,199.12,112.64,230.79,2190.75,63.52,52.53,128.75,20.09,13.74,24
2023-11-03,2023,11,Friday,6,Ho Chi Minh City,203,Very Unhealthy,PM2.5,true,Valid,4.5,152.97,399.58,174.51,463.85,3269.43,70.61,76.45,62.94,60.07,21.51,24
2023-11-04,2023,11,Saturday,7,Ho Chi Minh City,156,Unhealthy,PM2.5,false,Valid,4.0,87.81,186.15,105.73,231.42,2084.77,48.28,50.01,40.05,32.29,14.24,24
2023-11-05,2023,11,Sunday,1,Ho Chi Minh City,187,Unhealthy,PM2.5,false,Valid,4.25,131.74,300.34,156.28,356.27,3190.16,49.64,61.73,107.29,62.38,19.93,24
2023-11-06,2023,11,Monday,2,Ho Chi Minh City,123,Poor,PM2.5,false,Valid,3.5,63.88,196.07,81.14,250.55,1733.46,37.73,46.03,35.41,28.49,13.17,24
2023-11-07,2023,11,Tuesday,3,Ho Chi Minh City,161,Unhealthy,PM2.5,false,Valid,4.04,95.3,277.79,118.34,342.06,2451.38,46.4,72.92,16.27,60.2,17.05,24
2023-11-08,2023,11,Wednesday,4,Ho Chi Minh City,175,Unhealthy,PM2.5,false,Valid,4.42,115.45,249.07,136.44,299.1,2485.04,53.42,73.51,101.57,50.78,20.41,24
2023-11-09,2023,11,Thursday,5,Ho Chi Minh City,159,Unhealthy,PM2.5,false,Valid,4.13,92.36,198.56,111.11,240.6,2263.9,45.07,60.86,111.58,51.3,14.52,24
2023-11-10,2023,11,Friday,6,Ho Chi Minh City,153,Unhealthy,PM2.5,false,Valid,4.29,82.95,143.52,98.79,161.55,2144.02,55.84,71.57,14.84,51.25,13.26,24
2023-11-11,2023,11,Saturday,7,Ho Chi Minh City,81,Moderate,PM2.5,false,Valid,3.13,40.63,70.46,54.1,89.61,1244.74,29.51,32.88,104.43,18.59,9.0,24
2023-11-12,2023,11,Sunday,1,Ho Chi Minh City,152,Unhealthy,PM2.5,false,Valid,4.13,81.89,177.05,98.25,218.16,2129.0,36.71,40.91,117.3,34.36,14.4,24
2023-11-13,2023,11,Monday,2,Ho Chi Minh City,167,Unhealthy,PM2.5,false,Valid,4.42,104.16,229.16,125.38,277.6,2484.76,48.99,54.87,134.47,39.04,15.95,24
2023-11-14,2023,11,Tuesday,3,Ho Chi Minh City,169,Unhealthy,PM2.5,false,Valid,4.42,105.88,217.19,127.25,274.97,2660.83,49.58,62.66,44.7,50.12,15.78,24
2023-11-15,2023,11,Wednesday,4,Ho Chi Minh City,121,Poor,PM2.5,false,Valid,3.75,62.36,131.96,77.21,156.68,1875.88,41.16,54.23,19.13,37.19,12.36,24
2023-11-16,2023,11,Thursday,5,Ho Chi Minh City,217,Very Unhealthy,PM2.5,true,Valid,4.42,166.31,382.37,193.93,447.6,3987.07,53.32,69.98,19.49,83.57,22.66,24
2023-11-17,2023,11,Friday,6,Ho Chi Minh City,158,Unhealthy,PM2.5,false,Valid,3.79,90.67,234.24,107.7,262.48,2165.16,55.61,56.76,107.29,31.51,12.44,24
2023-11-18,2023,11,Saturday,7,Ho Chi Minh City,61,Moderate,PM2.5,false,Valid,2.83,30.56,53.69,41.06,74.95,741.84,25.25,19.73,138.76,1.18,8.51,24
2023-11-19,2023,11,Sunday,1,Ho Chi Minh City,155,Unhealthy,PM2.5,false,Valid,3.79,87.09,272.1,111.86,341.45,2104.24,43.05,38.67,151.63,24.7,20.4,24
2023-11-20,2023,11,Monday,2,Ho Chi Minh City,177,Unhealthy,PM2.5,false,Valid,3.83,118.09,336.57,150.19,418.42,3046.91,43.17,45.12,67.23,49.91,17.33,24
2023-11-21,2023,11,Tuesday,3,Ho Chi Minh City,178,Unhealthy,PM2.5,false,Valid,4.46,118.58,216.84,143.93,266.36,2654.16,51.92,53.49,16.63,45.83,17.93,24
2023-11-22,2023,11,Wednesday,4,Ho Chi Minh City,210,Very Unhealthy,PM2.5,true,Valid,5.0,159.73,258.94,196.36,310.03,3295.02,69.22,79.47,41.13,56.32,22.87,24
2023-11-23,2023,11,Thursday,5,Ho Chi Minh City,294,Very Unhealthy,PM2.5,true,Valid,5.0,244.76,426.1,280.7,490.61,4483.86,63.12,70.73,10.28,98.97,20.41,24
2023-11-24,2023,11,Friday,6,Ho Chi Minh City,121,Poor,PM2.5,false,Valid,3.46,62.47,137.12,76.91,166.79,1538.75,52.65,53.97,63.66,24.43,11.36,24
2023-11-25,2023,11,Saturday,7,Ho Chi Minh City,129,Poor,PM2.5,false,Valid,4.13,67.7,95.88,80.71,114.54,1662.53,45.73,45.4,101.57,20.95,13.72,24
2023-11-26,2023,11,Sunday,1,Ho Chi Minh City,156,Unhealthy,PM2.5,false,Valid,3.96,87.15,229.41,105.71,275.9,2359.03,44.47,46.91,45.06,39.75,16.47,24
2023-11-27,2023,11,Monday,2,Ho Chi Minh City,128,Poor,PM2.5,false,Valid,3.5,66.98,165.33,86.45,212.53,1964.89,46.6,55.13,87.98,32.44,19.63,24
2023-11-28,2023,11,Tuesday,3,Ho Chi Minh City,177,Unhealthy,PM2.5,false,Valid,4.29,118.02,359.78,149.3,439.2,2929.81,58.29,62.19,158.79,43.97,19.52,24
2023-11-29,2023,11,Wednesday,4,Ho Chi Minh City,183,Unhealthy,PM2.5,false,Valid,4.33,125.75,287.83,154.19,347.58,3329.79,52.05,62.43,100.14,59.76,20.21,24
2023-11-30,2023,11,Thursday,5,Ho Chi Minh City,184,Unhealthy,PM2.5,false,Valid,4.33,128.23,319.48,155.75,396.88,3378.47,46.55,71.02,4.43,78.74,19.79,24
2023-12-01,2023,12,Friday,6,Ho Chi Minh City,144,Poor,PM2.5,false,Valid,3.75,76.36,179.64,99.22,236.35,2169.89,33.33,38.67,31.11,38.48,14.14,24
2023-12-02,2023,12,Saturday,7,Ho Chi Minh City,192,Unhealthy,PM2.5,false,Valid,4.92,138.79,255.18,162.65,278.64,2901.71,73.19,64.22,34.69,42.63,16.71,24
2023-12-03,2023,12,Sunday,1,Ho Chi Minh City,278,Very Unhealthy,PM2.5,true,Valid,5.0,228.17,386.16,261.1,421.2,3767.33,77.3,81.26,248.91,49.43,26.82,24
2023-12-04,2023,12,Monday,2,Ho Chi Minh City,168,Unhealthy,PM2.5,false,Valid,4.29,104.75,310.78,128.9,347.95,2273.92,49.58,55.64,72.96,37.16,14.82,24
2023-12-05,2023,12,Tuesday,3,Ho Chi Minh City,107,Poor,PM2.5,false,Valid,3.54,54.22,120.54,72.38,154.92,1417.48,45.26,49.92,22.53,23.85,11.27,24
2023-12-06,2023,12,Wednesday,4,Ho Chi Minh City,151,Unhealthy,PM2.5,false,Valid,4.25,81.38,159.79,105.69,204.27,1929.28,55.74,55.86,7.06,33.47,12.7,24
2023-12-07,2023,12,Thursday,5,Ho Chi Minh City,143,Poor,PM2.5,false,Valid,4.38,76.14,155.55,97.78,191.6,1667.26,47.75,53.81,118.73,25.76,16.34,24
2023-12-08,2023,12,Friday,6,Ho Chi Minh City,159,Unhealthy,PM2.5,false,Valid,4.5,92.74,164.08,118.29,207.14,1857.52,58.86,61.27,42.56,26.61,13.87,24
2023-12-09,2023,12,Saturday,7,Ho Chi Minh City,118,Poor,PM2.5,false,Valid,3.71,60.77,148.73,77.8,182.69,1220.82,42.27,41.2,66.52,7.58,9.18,24
2023-12-10,2023,12,Sunday,1,Ho Chi Minh City,67,Moderate,PM2.5,false,Valid,2.71,33.27,79.68,45.33,105.8,914.02,37.44,41.89,73.67,8.87,8.22,24
2023-12-11,2023,12,Monday,2,Ho Chi Minh City,84,Moderate,PM2.5,false,Valid,3.08,42.2,100.28,57.8,129.82,1077.57,37.29,47.84,138.76,17.97,10.73,24
2023-12-12,2023,12,Tuesday,3,Ho Chi Minh City,101,Poor,PM2.5,false,Valid,3.42,50.46,129.96,70.69,173.06,1395.22,35.57,44.92,105.86,24.37,12.68,24
2023-12-13,2023,12,Wednesday,4,Ho Chi Minh City,152,Unhealthy,PM2.5,false,Valid,4.21,82.11,147.49,111.49,193.34,2163.77,44.94,53.13,120.16,37.05,16.08,24
2023-12-14,2023,12,Thursday,5,Ho Chi Minh City,94,Moderate,PM2.5,false,Valid,3.21,47.13,139.25,65.25,175.47,1430.27,36.74,46.35,76.53,24.37,13.54,24
2023-12-15,2023,12,Friday,6,Ho Chi Minh City,67,Moderate,PM2.5,false,Valid,2.79,33.52,84.34,49.21,113.58,1099.55,35.47,44.46,67.23,18.39,10.88,24
2023-12-16,2023,12,Saturday,7,Ho Chi Minh City,84,Moderate,PM2.5,false,Valid,3.29,42.3,92.49,59.66,125.71,1159.63,37.77,38.75,82.25,15.12,10.21,24
2023-12-17,2023,12,Sunday,1,Ho Chi Minh City,139,Poor,PM2.5,false,Valid,3.79,73.39,176.18,95.35,217.39,1884.5,39.44,43.76,123.02,30.05,16.09,24
2023-12-18,2023,12,Monday,2,Ho Chi Minh City,180,Unhealthy,PM2.5,false,Valid,4.25,121.48,294.92,150.62,364.45,2979.88,58.92,57.3,104.43,47.51,17.06,24
2023-12-19,2023,12,Tuesday,3,Ho Chi Minh City,152,Unhealthy,PM2.5,false,Valid,3.42,81.44,279.04,103.18,346.33,2279.48,47.27,53.69,81.54,41.03,18.54,24
2023-12-20,2023,12,Wednesday,4,Ho Chi Minh City,60,Moderate,PM2.5,false,Valid,2.54,30.05,93.08,39.14,114.85,1100.38,38.71,42.33,120.16,11.61,9.7,24
2023-12-21,2023,12,Thursday,5,Ho Chi Minh City,39,Good,Ozone,false,Valid,1.96,18.08,43.57,21.89,48.46,645.04,19.82,18.67,125.89,1.44,4.65,24
2023-12-22,2023,12,Friday,6,Ho Chi Minh City,30,Good,PM2.5,false,Valid,1.67,15.14,24.77,18.72,28.71,676.19,21.63,18.48,84.4,0.99,4.73,24
2023-12-23,2023,12,Saturday,7,Ho Chi Minh City,27,Good,Ozone,false,Valid,1.67,11.55,18.36,14.69,21.87,545.18,17.37,15.59,88.69,0.67,4.83,24
2023-12-24,2023,12,Sunday,1,Ho Chi Minh City,33,Good,PM2.5,false,Valid,2.13,16.95,35.55,21.44,40.95,638.92,26.03,24.97,90.12,1.05,6.22,24
2023-12-25,2023,12,Monday,2,Ho Chi Minh City,49,Good,PM2.5,false,Valid,2.42,24.85,32.4,31.02,37.32,690.38,31.58,29.87,95.84,1.55,8.3,24
2023-12-26,2023,12,Tuesday,3,Ho Chi Minh City,174,Unhealthy,PM2.5,false,Valid,4.08,112.9,337.32,139.75,417.99,2483.92,64.42,57.29,173.09,26.99,19.65,24
2023-12-27,2023,12,Wednesday,4,Ho Chi Minh City,221,Very Unhealthy,PM2.5,true,Valid,4.92,170.98,342.37,209.19,424.95,2980.71,85.9,78.8,173.09,29.09,20.55,24
2023-12-28,2023,12,Thursday,5,Ho Chi Minh City,181,Unhealthy,PM2.5,false,Valid,4.0,123.48,242.78,156.47,308.21,2989.61,49.4,54.46,107.29,56.83,16.4,24
2023-12-29,2023,12,Friday,6,Ho Chi Minh City,138,Poor,PM2.5,false,Valid,3.96,72.81,169.05,97.74,210.56,1909.53,50.42,55.87,62.23,34.39,15.19,24
2023-12-30,2023,12,Saturday,7,Ho Chi Minh City,147,Poor,PM2.5,false,Valid,4.0,78.34,190.33,100.01,234.56,1809.95,47.97,48.98,128.75,25.38,14.21,24
2023-12-31,2023,12,Sunday,1,Ho Chi Minh City,94,Moderate,PM2.5,false,Valid,3.38,47.07,89.37,60.5,106.57,1118.74,38.31,33.99,87.98,8.89,9.25,24
2024-01-01,2024,1,Monday,2,Ho Chi Minh City,116,Poor,PM2.5,false,Valid,3.83,59.5,131.81,82.04,169.29,1484.79,46.5,52.51,50.07,22.8,16.85,24
2024-01-02,2024,1,Tuesday,3,Ho Chi Minh City,149,Poor,PM2.5,false,Valid,4.25,79.46,150.86,101.47,199.59,1583.26,46.25,45.72,185.97,17.87,12.18,24
2024-01-03,2024,1,Wednesday,4,Ho Chi Minh City,143,Poor,PM2.5,false,Valid,4.21,76.17,145.27,99.36,191.53,1665.87,49.62,47.25,150.2,18.88,12.53,24
2024-01-04,2024,1,Thursday,5,Ho Chi Minh City,144,Poor,PM2.5,false,Valid,4.25,76.47,149.21,101.18,199.6,1500.37,62.25,67.57,121.59,16.25,15.48,24
2024-01-05,2024,1,Friday,6,Ho Chi Minh City,157,Unhealthy,PM2.5,false,Valid,4.38,88.58,173.94,121.97,229.97,2059.46,62.56,69.14,33.97,28.98,21.63,24
2024-01-06,2024,1,Saturday,7,Ho Chi Minh City,175,Unhealthy,PM2.5,false,Valid,4.63,114.52,282.95,145.49,339.39,2122.88,45.24,53.76,234.6,26.38,23.07,24
2024-01-07,2024,1,Sunday,1,Ho Chi Minh City,151,Unhealthy,PM2.5,false,Valid,3.58,81.3,247.3,106.27,305.49,1629.15,55.51,59.34,118.73,19.96,15.99,24
2024-01-08,2024,1,Monday,2,Ho Chi Minh City,118,Poor,PM2.5,false,Valid,3.88,60.61,113.44,86.57,154.91,1520.12,54.58,62.9,25.03,24.79,15.36,24
2024-01-09,2024,1,Tuesday,3,Ho Chi Minh City,,N/A,,false,Insufficient Data (<75%),5.0,116.55,116.55,155.3,155.3,2403.26,40.44,87.74,0.09,78.68,22.04,1
2024-01-10,2024,1,Wednesday,4,Ho Chi Minh City,88,Moderate,PM2.5,false,Valid,3.3,43.94,88.41,63.81,118.86,1200.47,45.76,54.96,101.57,17.44,12.11,23
2024-01-11,2024,1,Thursday,5,Ho Chi Minh City,123,Poor,PM2.5,false,Valid,3.71,63.98,130.68,87.83,174.56,1517.61,47.05,52.71,138.76,22.53,14.08,24
2024-01-12,2024,1,Friday,6,Ho Chi Minh City,155,Unhealthy,PM2.5,false,Valid,4.13,86.14,236.47,116.44,300.07,1859.19,60.92,58.29,90.12,23.3,14.97,24
2024-01-13,2024,1,Saturday,7,Ho Chi Minh City,127,Poor,PM2.5,false,Valid,3.83,66.19,140.69,91.7,184.13,1554.89,54.64,45.35,67.23,10.24,13.48,24
2024-01-14,2024,1,Sunday,1,Ho Chi Minh City,178,Unhealthy,PM2.5,false,Valid,4.75,119.71,276.36,148.71,330.31,2391.58,58.07,47.07,231.74,16.16,21.35,24
2024-01-15,2024,1,Monday,2,Ho Chi Minh City,173,Unhealthy,PM2.5,false,Valid,5.0,112.18,185.35,144.18,244.09,2397.69,65.4,72.58,228.88,28.62,22.21,24
2024-01-16,2024,1,Tuesday,3,Ho Chi Minh City,126,Poor,PM2.5,false,Valid,3.83,65.64,190.4,84.94,234.45,1497.03,58.01,65.17,144.48,19.13,15.44,24
2024-01-17,2024,1,Wednesday,4,Ho Chi Minh City,139,Poor,PM2.5,false,Valid,4.0,73.81,260.36,94.92,313.4,1672.55,53.71,65.61,217.44,25.02,15.59,24
2024-01-18,2024,1,Thursday,5,Ho Chi Minh City,126,Poor,PM2.5,false,Valid,3.67,65.37,192.49,86.82,239.03,1572.41,55.61,57.84,94.41,16.03,15.27,24
2024-01-19,2024,1,Friday,6,Ho Chi Minh City,130,Poor,PM2.5,false,Valid,3.63,68.32,163.47,90.5,215.95,1549.88,51.25,54.66,200.27,16.08,14.28,24
2024-01-20,2024,1,Saturday,7,Ho Chi Minh City,62,Moderate,PM2.5,false,Valid,2.71,30.98,55.41,46.36,81.57,837.25,41.7,47.43,94.41,6.05,8.87,24
2024-01-21,2024,1,Sunday,1,Ho Chi Minh City,46,Good,PM2.5,false,Valid,2.38,23.2,41.63,35.75,62.44,772.16,35.9,40.88,58.65,6.38,8.96,24
2024-01-22,2024,1,Monday,2,Ho Chi Minh City,75,Moderate,PM2.5,false,Valid,3.04,37.72,65.04,53.25,90.91,1085.36,45.05,56.27,144.48,12.54,13.09,24
2024-01-23,2024,1,Tuesday,3,Ho Chi Minh City,159,Unhealthy,PM2.5,false,Valid,4.33,92.22,193.86,119.72,245.42,2032.2,56.46,58.11,188.83,24.62,18.72,24
2024-01-24,2024,1,Wednesday,4,Ho Chi Minh City,159,Unhealthy,PM2.5,false,Valid,4.25,92.52,248.72,116.39,302.55,1916.21,57.92,62.51,303.27,18.11,17.99,24
2024-01-25,2024,1,Thursday,5,Ho Chi Minh City,130,Poor,PM2.5,false,Valid,4.04,68.15,190.28,90.15,236.7,1620.53,55.95,62.45,214.58,15.73,17.35,24
2024-01-26,2024,1,Friday,6,Ho Chi Minh City,112,Poor,Ozone,false,Valid,3.79,55.95,112.47,74.97,144.19,1422.48,56.69,58.63,223.16,12.63,15.44,24
2024-01-27,2024,1,Saturday,7,Ho Chi Minh City,113,Poor,Ozone,false,Valid,3.92,56.31,99.27,73.68,117.09,1273.12,41.39,43.82,226.02,7.75,13.58,24
2024-01-28,2024,1,Sunday,1,Ho Chi Minh City,86,Moderate,PM2.5,false,Valid,3.54,43.3,90.03,57.25,120.1,1211.64,39.74,44.57,170.23,8.97,14.29,24
2024-01-29,2024,1,Monday,2,Ho Chi Minh City,96,Moderate,PM2.5,false,Valid,3.29,48.45,186.02,65.03,233.43,1378.26,44.23,50.17,171.66,13.56,15.66,24
2024-01-30,2024,1,Tuesday,3,Ho Chi Minh City,61,Moderate,PM2.5,false,Valid,2.75,30.35,89.47,43.16,121.6,989.12,38.18,45.12,138.76,9.85,10.77,24
2024-01-31,2024,1,Wednesday,4,Ho Chi Minh City,53,Moderate,PM2.5,false,Valid,2.33,26.51,80.1,37.64,107.84,941.28,37.26,42.56,92.98,7.71,9.49,24
2024-02-01,2024,2,Thursday,5,Ho Chi Minh City,48,Good,PM2.5,false,Valid,2.38,24.49,38.4,36.99,57.0,886.2,44.53,47.84,77.96,4.15,9.93,24
2024-02-02,2024,2,Friday,6,Ho Chi Minh City,52,Moderate,PM2.5,false,Valid,2.58,25.75,44.02,38.54,64.88,846.15,40.47,46.63,113.01,5.81,8.86,24
2024-02-03,2024,2,Saturday,7,Ho Chi Minh City,89,Moderate,Ozone,false,Valid,2.75,22.02,37.75,31.9,45.42,670.91,28.26,31.64,191.69,2.68,7.15,24
2024-02-04,2024,2,Sunday,1,Ho Chi Minh City,89,Moderate,Ozone,false,Valid,2.96,33.64,68.8,47.78,94.04,872.02,37.36,42.11,191.69,5.63,8.98,24
2024-02-05,2024,2,Monday,2,Ho Chi Minh City,60,Moderate,PM2.5,false,Valid,2.67,29.65,59.97,43.85,82.8,892.88,47.51,55.59,73.67,10.7,9.41,24
2024-02-06,2024,2,Tuesday,3,Ho Chi Minh City,40,Good,PM2.5,false,Valid,2.38,20.34,31.19,30.63,46.7,668.13,34.56,37.36,125.89,4.62,6.9,24
2024-02-07,2024,2,Wednesday,4,Ho Chi Minh City,47,Good,Ozone,false,Valid,2.54,23.29,31.1,-383.19,48.34,712.91,38.41,38.94,151.63,3.52,7.3,24
2024-02-08,2024,2,Thursday,5,Ho Chi Minh City,44,Good,PM2.5,false,Valid,2.46,22.27,32.51,34.82,51.3,762.15,37.93,39.87,120.16,6.16,7.71,24
2024-02-09,2024,2,Friday,6,Ho Chi Minh City,43,Good,PM2.5,false,Valid,2.29,21.82,49.06,32.97,68.85,795.25,35.1,38.94,76.53,7.45,8.66,24
2024-02-10,2024,2,Saturday,7,Ho Chi Minh City,122,Poor,Ozone,false,Valid,3.83,58.83,182.75,74.8,222.74,1382.15,45.69,49.23,243.19,9.85,14.66,24
2024-02-11,2024,2,Sunday,1,Ho Chi Minh City,129,Poor,PM2.5,false,Valid,4.38,67.33,138.87,82.62,166.88,1643.34,53.49,49.28,226.02,6.12,17.04,24
2024-02-12,2024,2,Monday,2,Ho Chi Minh City,142,Poor,PM2.5,false,Valid,4.54,75.49,134.24,98.67,177.94,1841.11,56.35,58.41,237.46,13.93,19.65,24
2024-02-13,2024,2,Tuesday,3,Ho Chi Minh City,96,Moderate,Ozone,false,Valid,3.13,45.04,220.93,60.42,267.55,1240.57,44.05,48.78,197.41,9.77,13.54,24
2024-02-14,2024,2,Wednesday,4,Ho Chi Minh City,52,Moderate,PM2.5,false,Valid,2.5,25.65,61.46,38.64,87.86,906.23,39.98,46.05,111.58,6.65,11.85,24
2024-02-15,2024,2,Thursday,5,Ho Chi Minh City,51,Moderate,PM2.5,false,Valid,2.54,25.01,48.21,36.21,68.85,850.32,35.54,43.16,138.76,7.05,10.73,24
2024-02-16,2024,2,Friday,6,Ho Chi Minh City,47,Good,Ozone,false,Valid,2.75,22.43,53.79,32.71,75.93,781.34,32.12,39.16,151.63,6.74,9.4,24
2024-02-17,2024,2,Saturday,7,Ho Chi Minh City,51,Moderate,Ozone,false,Valid,2.54,17.47,34.39,25.63,48.56,646.99,26.2,30.49,160.22,3.65,7.42,24
2024-02-18,2024,2,Sunday,1,Ho Chi Minh City,35,Good,Ozone,false,Valid,2.25,15.48,26.58,24.54,39.5,599.98,26.91,29.45,114.44,2.75,6.54,24
2024-02-19,2024,2,Monday,2,Ho Chi Minh City,30,Good,PM2.5,false,Valid,2.0,15.31,22.45,26.34,37.31,589.13,32.5,30.79,87.26,1.88,5.98,24
2024-02-20,2024,2,Tuesday,3,Ho Chi Minh City,34,Good,PM2.5,false,Valid,2.08,17.22,26.71,28.39,43.91,657.84,36.53,35.77,60.8,3.31,7.12,24
2024-02-21,2024,2,Wednesday,4,Ho Chi Minh City,37,Good,PM2.5,false,Valid,2.29,18.63,30.88,31.08,45.83,659.78,33.24,35.2,101.57,4.95,6.39,24
2024-02-22,2024,2,Thursday,5,Ho Chi Minh City,49,Good,Ozone,false,Valid,2.54,20.36,29.93,31.92,48.09,630.02,32.35,34.2,157.36,3.75,6.23,24
2024-02-23,2024,2,Friday,6,Ho Chi Minh City,32,Good,Ozone,false,Valid,2.21,15.9,31.07,25.55,45.97,610.55,30.8,31.21,103.0,4.0,5.92,24
2024-02-24,2024,2,Saturday,7,Ho Chi Minh City,37,Good,Ozone,false,Valid,2.38,17.43,27.95,26.2,40.43,594.42,25.99,29.21,121.59,2.79,6.8,24
2024-02-25,2024,2,Sunday,1,Ho Chi Minh City,55,Moderate,PM2.5,false,Valid,2.88,27.35,51.35,39.54,72.29,788.85,33.27,41.0,145.91,7.73,10.33,24
2024-02-26,2024,2,Monday,2,Ho Chi Minh City,72,Moderate,PM2.5,false,Valid,3.25,36.18,102.89,51.05,136.77,1069.78,38.91,49.73,175.95,14.22,13.2,24
2024-02-27,2024,2,Tuesday,3,Ho Chi Minh City,51,Moderate,PM2.5,false,Valid,2.63,25.06,79.15,35.84,108.44,892.6,36.62,45.44,105.86,11.68,10.69,24
2024-02-28,2024,2,Wednesday,4,Ho Chi Minh City,89,Moderate,Ozone,false,Valid,2.67,22.65,62.4,31.8,84.87,770.49,32.9,42.45,191.69,7.98,8.91,24
2024-02-29,2024,2,Thursday,5,Ho Chi Minh City,47,Good,Ozone,false,Valid,2.46,19.82,35.91,29.43,51.02,662.84,30.5,35.77,153.06,3.65,7.82,24
2024-03-01,2024,3,Friday,6,Ho Chi Minh City,101,Poor,Ozone,false,Valid,3.0,26.84,42.3,37.95,49.54,742.95,33.31,39.69,200.27,2.87,8.85,24
2024-03-02,2024,3,Saturday,7,Ho Chi Minh City,66,Moderate,PM2.5,false,Valid,2.79,32.81,75.83,43.93,95.84,851.15,37.67,44.39,118.73,4.53,10.33,24
2024-03-03,2024,3,Sunday,1,Ho Chi Minh City,126,Poor,Ozone,false,Valid,3.17,40.74,110.75,52.6,132.97,827.51,31.34,42.66,251.77,5.06,8.1,24
2024-03-04,2024,3,Monday,2,Ho Chi Minh City,42,Good,Ozone,false,Valid,2.29,18.46,28.18,29.5,43.06,665.07,33.57,34.95,134.47,1.48,6.68,24
2024-03-05,2024,3,Tuesday,3,Ho Chi Minh City,156,Unhealthy,Ozone,false,Valid,3.38,51.3,131.61,67.29,145.16,979.66,43.43,53.96,311.85,5.58,10.16,24
2024-03-06,2024,3,Wednesday,4,Ho Chi Minh City,92,Moderate,PM2.5,false,Valid,3.33,46.09,83.44,63.39,112.79,1110.95,45.21,60.99,173.09,12.79,12.33,24
2024-03-07,2024,3,Thursday,5,Ho Chi Minh City,36,Good,PM2.5,false,Valid,2.04,18.03,35.52,27.93,52.43,627.8,35.95,35.25,60.08,3.1,6.5,24
2024-03-08,2024,3,Friday,6,Ho Chi Minh City,37,Good,Ozone,false,Valid,2.21,12.68,16.93,20.19,25.68,541.57,25.52,27.75,118.73,2.23,6.31,24
2024-03-09,2024,3,Saturday,7,Ho Chi Minh City,105,Poor,Ozone,false,Valid,2.38,16.52,35.0,24.4,41.22,591.64,21.78,27.54,208.85,2.74,6.2,24
2024-03-10,2024,3,Sunday,1,Ho Chi Minh City,47,Good,Ozone,false,Valid,2.25,10.38,15.52,16.05,23.14,559.65,21.85,23.72,151.63,0.91,5.77,24
2024-03-11,2024,3,Monday,2,Ho Chi Minh City,77,Moderate,Ozone,false,Valid,2.71,22.31,42.49,31.02,58.18,764.37,32.37,39.95,181.67,4.01,8.21,24
2024-03-12,2024,3,Tuesday,3,Ho Chi Minh City,49,Good,PM2.5,false,Valid,2.5,24.66,51.26,35.22,69.04,797.19,33.47,37.45,143.05,4.74,8.08,24
2024-03-13,2024,3,Wednesday,4,Ho Chi Minh City,55,Moderate,PM2.5,false,Valid,2.67,27.35,47.78,38.61,65.4,831.4,36.79,41.56,155.93,4.77,8.07,24
2024-03-14,2024,3,Thursday,5,Ho Chi Minh City,86,Moderate,Ozone,false,Valid,2.58,18.73,31.0,28.93,43.56,692.05,28.9,31.56,188.83,2.11,6.19,24
2024-03-15,2024,3,Friday,6,Ho Chi Minh City,56,Moderate,Ozone,false,Valid,2.42,16.94,21.93,25.11,29.64,597.48,24.98,25.67,164.51,1.59,5.23,24
2024-03-16,2024,3,Saturday,7,Ho Chi Minh City,74,Moderate,Ozone,false,Valid,2.58,17.31,26.57,25.27,37.11,564.1,21.27,23.31,178.81,1.4,5.05,24
2024-03-17,2024,3,Sunday,1,Ho Chi Minh City,58,Moderate,Ozone,false,Valid,2.58,19.8,23.26,27.89,34.68,611.11,25.16,28.12,165.94,1.74,6.12,24
2024-03-18,2024,3,Monday,2,Ho Chi Minh City,37,Good,PM2.5,false,Valid,2.21,18.84,31.74,28.24,45.96,579.12,26.63,27.61,114.44,2.44,5.56,24
2024-03-19,2024,3,Tuesday,3,Ho Chi Minh City,40,Good,Ozone,false,Valid,2.38,17.91,33.01,27.28,47.86,644.48,25.98,28.52,130.18,3.23,6.37,24
2024-03-20,2024,3,Wednesday,4,Ho Chi Minh City,79,Moderate,Ozone,false,Valid,3.0,31.09,129.72,44.32,161.28,1025.0,36.67,45.18,183.11,12.18,11.28,24
2024-03-21,2024,3,Thursday,5,Ho Chi Minh City,77,Moderate,Ozone,false,Valid,2.96,33.12,140.3,43.84,167.77,900.39,37.51,51.01,181.67,12.25,9.27,24
2024-03-22,2024,3,Friday,6,Ho Chi Minh City,60,Moderate,Ozone,false,Valid,2.42,15.5,28.33,22.52,39.15,623.07,26.71,27.26,167.37,1.36,5.57,24
2024-03-23,2024,3,Saturday,7,Ho Chi Minh City,30,Good,Ozone,false,Valid,1.67,8.48,11.19,14.19,18.33,519.59,20.73,19.38,98.71,1.32,4.24,24
2024-03-24,2024,3,Sunday,1,Ho Chi Minh City,39,Good,Ozone,false,Valid,2.21,13.36,24.87,21.2,38.22,596.64,22.97,24.93,127.32,3.26,5.01,24
2024-03-25,2024,3,Monday,2,Ho Chi Minh City,39,Good,Ozone,false,Valid,2.25,16.1,31.23,25.98,46.19,636.7,27.87,30.42,125.89,4.39,5.86,24
2024-03-26,2024,3,Tuesday,3,Ho Chi Minh City,44,Good,Ozone,false,Valid,2.38,14.4,22.29,22.25,32.73,558.26,23.96,27.1,143.05,1.73,5.6,24
2024-03-27,2024,3,Wednesday,4,Ho Chi Minh City,48,Good,Ozone,false,Valid,2.33,18.74,31.04,28.47,44.75,653.94,30.04,33.88,155.93,3.03,6.62,24
2024-03-28,2024,3,Thursday,5,Ho Chi Minh City,36,Good,Ozone,false,Valid,2.08,16.16,25.3,26.94,40.13,613.05,31.81,30.58,117.3,1.62,6.03,24
2024-03-29,2024,3,Friday,6,Ho Chi Minh City,40,Good,PM2.5,false,Valid,2.25,20.09,29.94,30.42,46.71,659.78,33.39,32.91,124.45,3.33,6.43,24
2024-03-30,2024,3,Saturday,7,Ho Chi Minh City,33,Good,PM2.5,false,Valid,2.13,16.68,26.43,24.67,37.62,575.22,27.73,29.26,92.98,3.56,5.82,24
2024-03-31,2024,3,Sunday,1,Ho Chi Minh City,30,Good,PM2.5,false,Valid,2.0,15.1,22.69,23.07,32.92,558.81,30.37,30.73,27.54,3.28,6.09,24
2024-04-01,2024,4,Monday,2,Ho Chi Minh City,45,Good,PM2.5,false,Valid,2.21,22.57,35.72,31.89,49.95,745.73,32.27,43.8,91.55,11.22,9.27,24
2024-04-02,2024,4,Tuesday,3,Ho Chi Minh City,36,Good,PM2.5,false,Valid,2.04,18.45,27.56,27.57,40.2,628.07,29.06,32.98,88.69,5.15,7.52,24
2024-04-03,2024,4,Wednesday,4,Ho Chi Minh City,37,Good,PM2.5,false,Valid,2.21,18.64,48.73,27.28,67.13,693.58,26.58,35.89,105.86,9.52,8.16,24
2024-04-04,2024,4,Thursday,5,Ho Chi Minh City,37,Good,Ozone,false,Valid,2.13,16.5,23.23,25.29,35.73,630.44,30.42,35.34,121.59,5.0,7.78,24
2024-04-05,2024,4,Friday,6,Ho Chi Minh City,30,Good,Ozone,false,Valid,1.88,14.57,21.08,23.67,32.29,566.18,31.52,30.57,97.27,2.18,6.5,24
2024-04-06,2024,4,Saturday,7,Ho Chi Minh City,,N/A,,false,Insufficient Data (<75%),2.0,12.2,12.2,19.83,19.83,453.95,27.76,26.23,27.54,0.78,6.02,1
2024-04-07,2024,4,Sunday,1,Ho Chi Minh City,23,Good,Ozone,false,Valid,1.91,10.08,16.76,16.8,26.07,461.35,25.15,23.3,74.39,1.35,5.0,23
2024-04-08,2024,4,Monday,2,Ho Chi Minh City,39,Good,Ozone,false,Valid,2.25,15.17,22.98,23.68,34.99,560.07,29.87,33.3,125.89,4.24,6.46,24
2024-04-09,2024,4,Tuesday,3,Ho Chi Minh City,30,Good,Ozone,false,Valid,1.92,12.72,26.61,20.53,37.16,513.33,25.78,28.74,97.27,3.12,5.76,24
2024-04-10,2024,4,Wednesday,4,Ho Chi Minh City,34,Good,Ozone,false,Valid,2.0,11.7,17.76,18.12,26.14,487.61,24.08,25.85,111.58,1.91,5.43,24
2024-04-11,2024,4,Thursday,5,Ho Chi Minh City,41,Good,Ozone,false,Valid,2.29,15.05,29.7,22.41,39.78,522.1,24.25,27.04,133.04,2.56,5.69,24
2024-04-12,2024,4,Friday,6,Ho Chi Minh City,47,Good,Ozone,false,Valid,2.29,16.38,31.06,25.18,45.73,588.44,28.23,31.49,151.63,2.62,6.44,24
2024-04-13,2024,4,Saturday,7,Ho Chi Minh City,32,Good,Ozone,false,Valid,1.83,10.53,12.25,17.63,22.18,449.22,21.62,19.28,104.43,0.67,4.51,24
2024-04-14,2024,4,Sunday,1,Ho Chi Minh City,25,Good,PM2.5,false,Valid,2.04,12.7,25.56,20.27,37.39,497.76,25.78,25.21,53.64,1.83,5.51,24
2024-04-15,2024,4,Monday,2,Ho Chi Minh City,24,Good,PM2.5,false,Valid,1.96,12.18,28.72,19.42,41.5,521.4,27.8,28.51,75.82,3.32,5.68,24
2024-04-16,2024,4,Tuesday,3,Ho Chi Minh City,49,Good,Ozone,false,Valid,2.42,14.92,19.15,22.38,27.26,523.49,26.23,26.99,157.36,2.31,5.55,24
2024-04-17,2024,4,Wednesday,4,Ho Chi Minh City,37,Good,Ozone,false,Valid,2.25,17.2,46.51,25.82,61.92,637.53,28.8,30.15,118.73,4.72,7.1,24
2024-04-18,2024,4,Thursday,5,Ho Chi Minh City,36,Good,PM2.5,false,Valid,2.13,18.3,51.71,26.41,68.81,697.89,32.82,38.65,80.11,5.9,8.37,24
2024-04-19,2024,4,Friday,6,Ho Chi Minh City,42,Good,Ozone,false,Valid,2.29,18.86,33.21,25.92,43.75,667.85,25.47,32.87,135.9,6.84,8.21,24
2024-04-20,2024,4,Saturday,7,Ho Chi Minh City,29,Good,Ozone,false,Valid,1.96,13.9,28.51,20.06,39.25,589.55,22.56,24.88,94.41,3.95,6.88,24
2024-04-21,2024,4,Sunday,1,Ho Chi Minh City,41,Good,Ozone,false,Valid,2.25,15.01,33.22,21.54,45.35,593.72,22.35,28.4,131.61,5.29,7.71,24
2024-04-22,2024,4,Monday,2,Ho Chi Minh City,37,Good,PM2.5,false,Valid,2.29,18.56,42.81,27.04,57.7,684.54,26.74,33.55,120.16,6.85,8.75,24
2024-04-23,2024,4,Tuesday,3,Ho Chi Minh City,36,Good,PM2.5,false,Valid,2.17,18.25,45.67,27.15,61.66,725.71,28.45,35.72,70.1,8.74,9.78,24
2024-04-24,2024,4,Wednesday,4,Ho Chi Minh City,31,Good,PM2.5,false,Valid,2.17,15.74,53.11,23.2,68.99,639.76,27.68,31.85,97.27,6.63,6.98,24
2024-04-25,2024,4,Thursday,5,Ho Chi Minh City,33,Good,PM2.5,false,Valid,2.17,16.52,40.59,24.71,55.91,689.55,30.05,34.51,48.64,8.75,7.37,24
2024-04-26,2024,4,Friday,6,Ho Chi Minh City,31,Good,PM2.5,false,Valid,2.0,15.58,48.57,23.12,65.89,657.84,24.61,32.75,41.84,11.07,7.21,24
2024-04-27,2024,4,Saturday,7,Ho Chi Minh City,37,Good,Ozone,false,Valid,2.13,15.0,27.31,20.99,36.55,538.93,21.11,24.9,118.73,4.58,6.27,24
2024-04-28,2024,4,Sunday,1,Ho Chi Minh City,37,Good,PM2.5,false,Valid,2.42,18.5,46.54,25.05,60.36,593.16,19.03,25.27,115.87,7.31,6.99,24
2024-04-29,2024,4,Monday,2,Ho Chi Minh City,45,Good,PM2.5,false,Valid,2.42,22.73,51.84,31.64,67.77,722.37,25.73,37.8,105.86,12.24,9.01,24
2024-04-30,2024,4,Tuesday,3,Ho Chi Minh City,41,Good,PM2.5,false,Valid,2.33,20.9,54.63,29.21,70.64,709.43,24.89,38.75,52.93,14.89,9.03,24
2024-05-01,2024,5,Wednesday,4,Ho Chi Minh City,30,Good,PM2.5,false,Valid,1.92,15.08,44.35,21.18,60.59,553.94,21.75,28.58,90.12,5.61,7.12,24
2024-05-02,2024,5,Thursday,5,Ho Chi Minh City,25,Good,PM2.5,false,Valid,2.0,12.72,19.47,19.15,28.67,549.08,27.77,30.7,71.53,4.81,6.18,24
2024-05-03,2024,5,Friday,6,Ho Chi Minh City,35,Good,PM2.5,false,Valid,2.29,17.87,52.99,25.21,63.49,629.19,28.53,34.46,113.01,9.64,7.42,24
2024-05-04,2024,5,Saturday,7,Ho Chi Minh City,80,Moderate,PM2.5,false,Valid,3.08,40.2,92.85,52.85,121.59,1264.49,35.07,45.83,47.92,28.4,11.06,24
2024-05-05,2024,5,Sunday,1,Ho Chi Minh City,113,Poor,PM2.5,false,Valid,3.54,57.4,135.83,77.4,181.08,1752.65,35.13,46.79,13.59,34.97,14.36,24
2024-05-06,2024,5,Monday,2,Ho Chi Minh City,47,Good,PM2.5,false,Valid,2.58,23.7,61.73,33.69,84.21,750.18,29.11,33.99,133.04,10.5,7.57,24
2024-05-07,2024,5,Tuesday,3,Ho Chi Minh City,109,Poor,PM2.5,false,Valid,3.54,55.02,140.43,72.14,174.21,1508.16,36.26,51.0,72.24,37.45,12.46,24
2024-05-08,2024,5,Wednesday,4,Ho Chi Minh City,57,Moderate,PM2.5,false,Valid,2.54,28.18,145.0,37.6,177.41,930.43,38.14,44.91,61.51,14.37,8.68,24
2024-05-09,2024,5,Thursday,5,Ho Chi Minh City,52,Moderate,PM2.5,false,Valid,2.33,25.52,49.43,36.16,69.21,970.21,40.38,52.15,9.03,19.24,8.63,24
2024-05-10,2024,5,Friday,6,Ho Chi Minh City,38,Good,PM2.5,false,Valid,2.29,19.4,38.22,27.91,52.48,762.42,34.77,38.36,81.54,9.21,6.95,24
2024-05-11,2024,5,Saturday,7,Ho Chi Minh City,45,Good,PM2.5,false,Valid,2.38,22.91,39.34,32.54,57.99,862.0,33.97,37.34,22.89,13.23,8.44,24
2024-05-12,2024,5,Sunday,1,Ho Chi Minh City,81,Moderate,PM2.5,false,Valid,2.96,40.67,132.98,51.09,166.02,1230.28,35.98,41.92,45.42,23.86,8.97,24
2024-05-13,2024,5,Monday,2,Ho Chi Minh City,151,Unhealthy,PM2.5,false,Valid,4.17,80.54,135.58,103.97,183.63,2080.04,53.96,74.71,6.97,55.67,15.57,24
2024-05-14,2024,5,Tuesday,3,Ho Chi Minh City,102,Poor,Ozone,false,Valid,2.79,30.5,99.41,39.89,123.9,863.95,38.07,45.65,203.13,9.7,8.31,24
2024-05-15,2024,5,Wednesday,4,Ho Chi Minh City,52,Moderate,PM2.5,false,Valid,2.5,25.69,39.79,35.97,54.67,931.54,37.64,54.22,77.25,22.85,8.42,24
2024-05-16,2024,5,Thursday,5,Ho Chi Minh City,60,Moderate,PM2.5,false,Valid,2.79,29.6,52.14,38.88,65.24,1056.71,41.44,57.72,13.77,27.38,8.39,24
2024-05-17,2024,5,Friday,6,Ho Chi Minh City,157,Unhealthy,PM2.5,false,Valid,3.79,88.95,229.81,110.79,286.16,2634.13,29.76,51.97,13.05,64.02,19.79,24
2024-05-18,2024,5,Saturday,7,Ho Chi Minh City,122,Poor,PM2.5,false,Valid,3.17,63.29,233.98,73.6,258.45,1347.38,30.75,49.1,85.83,38.25,10.6,24
2024-05-19,2024,5,Sunday,1,Ho Chi Minh City,112,Poor,PM2.5,false,Valid,3.79,56.9,100.9,69.38,125.6,1608.29,35.32,41.85,36.12,23.83,11.61,24
2024-05-20,2024,5,Monday,2,Ho Chi Minh City,108,Poor,PM2.5,false,Valid,3.46,54.85,113.72,66.79,138.42,1493.97,36.61,46.49,62.23,24.07,10.72,24
2024-05-21,2024,5,Tuesday,3,Ho Chi Minh City,226,Very Unhealthy,PM2.5,true,Valid,4.75,176.19,408.84,203.83,478.52,3637.71,73.37,82.63,21.64,62.21,22.32,24
2024-05-22,2024,5,Wednesday,4,Ho Chi Minh City,201,Very Unhealthy,PM2.5,true,Valid,4.46,150.72,270.63,174.51,309.29,3193.22,47.31,86.62,1.77,99.94,19.52,24
2024-05-23,2024,5,Thursday,5,Ho Chi Minh City,199,Unhealthy,PM2.5,false,Valid,4.0,149.38,288.38,171.09,321.92,3212.13,55.05,85.97,2.48,84.46,26.16,24
2024-05-24,2024,5,Friday,6,Ho Chi Minh City,83,Moderate,PM2.5,false,Valid,2.79,41.55,286.86,53.75,319.47,1264.77,39.87,42.53,26.46,21.96,8.96,24
2024-05-25,2024,5,Saturday,7,Ho Chi Minh City,33,Good,PM2.5,false,Valid,1.96,16.84,28.09,24.22,38.93,700.67,24.32,32.95,14.66,13.9,6.84,24
2024-05-26,2024,5,Sunday,1,Ho Chi Minh City,93,Moderate,PM2.5,false,Valid,3.17,46.66,146.07,60.51,174.56,1322.63,29.0,44.48,49.35,31.1,11.95,24
2024-05-27,2024,5,Monday,2,Ho Chi Minh City,125,Poor,PM2.5,false,Valid,3.67,64.72,170.04,78.3,201.35,1620.81,34.81,58.13,44.7,41.61,14.82,24
2024-05-28,2024,5,Tuesday,3,Ho Chi Minh City,113,Poor,PM2.5,false,Valid,3.38,57.35,159.38,69.06,184.66,1498.98,36.72,43.94,32.9,30.07,11.26,24
2024-05-29,2024,5,Wednesday,4,Ho Chi Minh City,71,Moderate,PM2.5,false,Valid,2.83,35.28,83.27,44.47,105.65,1165.19,24.39,34.03,27.89,21.81,10.28,24
2024-05-30,2024,5,Thursday,5,Ho Chi Minh City,99,Moderate,PM2.5,false,Valid,3.17,49.53,102.27,59.85,124.63,1419.98,32.0,37.79,36.48,24.37,10.65,24
2024-05-31,2024,5,Friday,6,Ho Chi Minh City,145,Poor,PM2.5,false,Valid,3.67,77.47,153.77,92.32,181.36,2024.41,33.27,46.82,35.41,41.4,15.55,24
2024-06-01,2024,6,Saturday,7,Ho Chi Minh City,148,Poor,PM2.5,false,Valid,4.04,79.36,153.52,94.25,190.36,2062.52,38.99,46.16,9.12,41.55,15.1,24
2024-06-02,2024,6,Sunday,1,Ho Chi Minh City,112,Poor,PM2.5,false,Valid,3.63,56.81,126.17,66.68,145.06,1358.79,36.7,39.27,42.2,19.71,10.46,24
2024-06-03,2024,6,Monday,2,Ho Chi Minh City,82,Moderate,PM2.5,false,Valid,3.17,41.32,63.52,51.67,79.23,1238.62,24.46,32.74,35.41,21.11,10.62,24
2024-06-04,2024,6,Tuesday,3,Ho Chi Minh City,71,Moderate,PM2.5,false,Valid,2.79,35.51,83.97,44.19,99.43,998.02,29.73,32.97,92.98,10.36,11.24,24
2024-06-05,2024,6,Wednesday,4,Ho Chi Minh City,82,Moderate,PM2.5,false,Valid,3.17,41.04,100.85,51.12,122.19,1199.96,28.84,39.35,21.1,22.43,10.89,24
2024-06-06,2024,6,Thursday,5,Ho Chi Minh City,157,Unhealthy,PM2.5,false,Valid,3.5,89.93,230.5,111.21,285.02,2462.23,36.4,49.99,31.83,56.69,12.96,24
2024-06-07,2024,6,Friday,6,Ho Chi Minh City,55,Moderate,PM2.5,false,Valid,2.38,27.46,98.92,37.72,127.66,1112.48,26.63,29.43,30.4,15.09,15.78,24
2024-06-08,2024,6,Saturday,7,Ho Chi Minh City,110,Poor,PM2.5,false,Valid,2.83,55.57,194.16,70.16,236.11,1673.1,28.58,33.13,35.05,31.21,13.34,24
2024-06-09,2024,6,Sunday,1,Ho Chi Minh City,43,Good,PM2.5,false,Valid,2.33,21.92,34.74,27.22,43.84,843.92,26.26,28.76,21.28,12.24,7.39,24
2024-06-10,2024,6,Monday,2,Ho Chi Minh City,77,Moderate,PM2.5,false,Valid,2.83,38.57,116.45,50.12,144.83,1176.6,27.65,30.5,28.97,17.49,11.9,24
2024-06-11,2024,6,Tuesday,3,Ho Chi Minh City,110,Poor,PM2.5,false,Valid,3.38,55.57,128.35,71.75,158.39,1583.54,28.57,41.28,32.19,31.66,12.94,24
2024-06-12,2024,6,Wednesday,4,Ho Chi Minh City,69,Moderate,PM2.5,false,Valid,2.79,34.29,65.1,44.36,84.2,1143.22,25.23,33.97,28.97,20.79,9.89,24
2024-06-13,2024,6,Thursday,5,Ho Chi Minh City,64,Moderate,PM2.5,false,Valid,2.79,31.68,79.82,41.86,105.43,1100.24,20.43,31.54,10.37,23.52,10.08,24
2024-06-14,2024,6,Friday,6,Ho Chi Minh City,80,Moderate,PM2.5,false,Valid,3.0,39.95,98.48,51.07,129.22,1320.12,23.12,37.01,5.72,30.8,11.49,24
2024-06-15,2024,6,Saturday,7,Ho Chi Minh City,154,Unhealthy,PM2.5,false,Valid,4.29,84.43,148.75,99.5,181.45,1752.65,35.57,43.61,101.57,30.83,13.5,24
2024-06-16,2024,6,Sunday,1,Ho Chi Minh City,,N/A,,false,Insufficient Data (<75%),3.0,40.12,40.12,48.28,48.28,1174.93,17.14,30.28,0.57,25.03,9.63,1
2024-06-17,2024,6,Monday,2,Ho Chi Minh City,61,Moderate,PM2.5,false,Valid,2.7,30.33,62.67,38.48,76.97,949.98,23.38,28.94,20.03,16.57,8.55,23
2024-06-18,2024,6,Tuesday,3,Ho Chi Minh City,53,Moderate,PM2.5,false,Valid,2.5,26.1,63.91,33.67,79.63,890.1,22.42,29.32,28.61,16.84,8.08,24
2024-06-19,2024,6,Wednesday,4,Ho Chi Minh City,44,Good,PM2.5,false,Valid,2.13,22.37,57.0,29.54,77.24,802.06,22.0,25.46,33.26,11.8,7.69,24
2024-06-20,2024,6,Thursday,5,Ho Chi Minh City,62,Moderate,PM2.5,false,Valid,2.58,30.86,69.91,39.22,90.43,1007.76,24.4,31.76,13.59,19.04,9.12,24
2024-06-21,2024,6,Friday,6,Ho Chi Minh City,79,Moderate,PM2.5,false,Valid,2.88,39.68,112.29,47.67,134.45,1190.09,26.8,35.86,14.84,23.1,8.76,24
2024-06-22,2024,6,Saturday,7,Ho Chi Minh City,18,Good,PM2.5,false,Valid,1.38,9.37,13.76,11.58,17.24,488.86,16.25,12.53,46.49,1.71,3.78,24
2024-06-23,2024,6,Sunday,1,Ho Chi Minh City,63,Moderate,PM2.5,false,Valid,2.63,31.52,54.59,36.86,61.84,944.06,24.65,23.46,43.99,10.51,6.94,24
2024-06-24,2024,6,Monday,2,Ho Chi Minh City,135,Poor,PM2.5,false,Valid,3.75,70.98,155.64,85.75,177.03,1733.18,33.75,43.0,40.41,31.32,12.54,24
2024-06-25,2024,6,Tuesday,3,Ho Chi Minh City,196,Unhealthy,PM2.5,false,Valid,4.04,145.34,319.89,170.95,379.15,3340.92,43.44,60.78,20.03,76.75,17.37,24
2024-06-26,2024,6,Wednesday,4,Ho Chi Minh City,355,Hazardous,PM2.5,true,Valid,4.75,318.72,601.85,352.92,641.5,6247.36,64.15,149.53,2.08,198.6,47.34,24
2024-06-27,2024,6,Thursday,5,Ho Chi Minh City,311,Hazardous,PM2.5,true,Valid,4.88,263.11,538.0,293.17,589.29,3863.02,95.38,88.63,114.44,73.78,17.27,24
2024-06-28,2024,6,Friday,6,Ho Chi Minh City,158,Unhealthy,PM2.5,false,Valid,4.08,90.11,275.67,108.38,305.95,1903.41,50.15,51.14,49.35,23.08,12.35,24
2024-06-29,2024,6,Saturday,7,Ho Chi Minh City,95,Moderate,PM2.5,false,Valid,3.21,47.53,130.36,58.93,148.2,1328.19,27.24,36.53,31.83,23.64,11.42,24
2024-06-30,2024,6,Sunday,1,Ho Chi Minh City,90,Moderate,PM2.5,false,Valid,3.13,45.26,153.44,55.34,175.95,1278.4,26.65,35.51,16.63,24.51,10.21,24
2024-07-01,2024,7,Monday,2,Ho Chi Minh City,154,Unhealthy,PM2.5,false,Valid,3.71,85.44,222.27,98.41,241.87,1831.93,42.02,52.58,100.14,37.13,15.84,24
2024-07-02,2024,7,Tuesday,3,Ho Chi Minh City,181,Unhealthy,PM2.5,false,Valid,4.42,123.29,231.45,144.83,252.71,2511.18,43.7,69.69,82.25,64.51,20.52,24
2024-07-03,2024,7,Wednesday,4,Ho Chi Minh City,151,Unhealthy,PM2.5,false,Valid,4.08,80.47,168.42,94.78,194.75,1974.9,35.98,58.77,8.67,49.13,15.68,24
2024-07-04,2024,7,Thursday,5,Ho Chi Minh City,248,Very Unhealthy,PM2.5,true,Valid,4.25,198.25,436.94,222.17,486.84,4187.34,52.05,113.76,18.95,121.55,33.02,24
2024-07-05,2024,7,Friday,6,Ho Chi Minh City,164,Unhealthy,PM2.5,false,Valid,4.04,99.13,382.25,112.73,412.58,1883.94,36.25,37.62,70.81,35.6,11.48,24
2024-07-06,2024,7,Saturday,7,Ho Chi Minh City,142,Poor,PM2.5,false,Valid,4.29,75.32,122.59,88.36,145.31,1497.59,40.12,48.21,101.57,21.73,11.49,24
2024-07-07,2024,7,Sunday,1,Ho Chi Minh City,136,Poor,PM2.5,false,Valid,3.63,71.46,143.33,87.05,179.22,1758.77,28.98,42.89,11.44,34.61,13.51,24
2024-07-08,2024,7,Monday,2,Ho Chi Minh City,139,Poor,PM2.5,false,Valid,4.0,73.34,128.88,89.61,146.84,1754.32,32.46,53.66,2.26,44.56,14.63,24
2024-07-09,2024,7,Tuesday,3,Ho Chi Minh City,172,Unhealthy,PM2.5,false,Valid,3.96,110.24,265.05,129.55,308.83,2848.59,35.2,63.39,57.94,63.41,22.4,24
2024-07-10,2024,7,Wednesday,4,Ho Chi Minh City,94,Moderate,PM2.5,false,Valid,3.38,46.96,78.03,58.07,99.21,1259.76,29.1,38.04,80.82,19.97,10.74,24
2024-07-11,2024,7,Thursday,5,Ho Chi Minh City,56,Moderate,PM2.5,false,Valid,2.54,27.66,69.01,33.37,85.23,885.65,26.28,28.69,53.64,11.52,6.61,24
2024-07-12,2024,7,Friday,6,Ho Chi Minh City,30,Good,PM2.5,false,Valid,1.96,15.31,21.07,19.31,27.27,639.2,20.94,18.76,45.78,4.31,5.45,24
2024-07-13,2024,7,Saturday,7,Ho Chi Minh City,21,Good,PM2.5,false,Valid,1.5,10.62,21.33,13.5,25.65,538.93,17.26,13.96,23.96,2.89,4.81,24
2024-07-14,2024,7,Sunday,1,Ho Chi Minh City,15,Good,PM2.5,false,Valid,1.25,7.94,12.56,10.2,16.62,456.87,13.63,12.11,25.39,2.82,4.11,24
2024-07-15,2024,7,Monday,2,Ho Chi Minh City,27,Good,PM2.5,false,Valid,1.88,13.7,26.75,17.86,34.1,620.29,17.6,20.55,7.96,8.74,5.75,24
2024-07-16,2024,7,Tuesday,3,Ho Chi Minh City,23,Good,PM2.5,false,Valid,1.96,11.52,14.29,14.33,18.73,551.86,18.21,16.74,28.25,4.64,4.28,24
2024-07-17,2024,7,Wednesday,4,Ho Chi Minh City,41,Good,PM2.5,false,Valid,2.38,20.99,35.95,25.14,44.13,744.62,25.2,21.71,32.19,5.61,5.36,24
2024-07-18,2024,7,Thursday,5,Ho Chi Minh City,53,Moderate,PM2.5,false,Valid,2.46,26.15,42.96,30.52,50.8,862.28,25.95,23.96,36.48,8.02,5.78,24
2024-07-19,2024,7,Friday,6,Ho Chi Minh City,65,Moderate,PM2.5,false,Valid,2.83,32.37,49.95,38.85,62.46,962.97,31.82,26.37,55.79,4.68,6.94,24
2024-07-20,2024,7,Saturday,7,Ho Chi Minh City,48,Good,PM2.5,false,Valid,2.33,24.23,31.94,27.48,38.57,783.56,23.43,16.96,57.94,1.6,4.78,24
2024-07-21,2024,7,Sunday,1,Ho Chi Minh City,38,Good,PM2.5,false,Valid,2.04,19.28,27.99,23.98,33.12,689.82,21.61,18.29,45.78,3.12,5.94,24
2024-07-22,2024,7,Monday,2,Ho Chi Minh City,43,Good,PM2.5,false,Valid,2.29,21.5,32.21,26.98,40.56,742.12,25.5,21.0,44.7,2.78,5.85,24
2024-07-23,2024,7,Tuesday,3,Ho Chi Minh City,,N/A,,false,Insufficient Data (<75%),2.0,22.49,22.49,30.04,30.04,734.33,22.62,20.5,3.17,4.53,7.03,1
2024-07-24,2024,7,Wednesday,4,Ho Chi Minh City,30,Good,PM2.5,false,Valid,1.83,15.17,24.7,20.48,33.23,654.22,24.27,22.31,45.78,4.09,7.22,23
2024-07-25,2024,7,Thursday,5,Ho Chi Minh City,34,Good,PM2.5,false,Valid,2.08,17.26,26.72,22.17,34.42,683.15,20.76,19.76,61.51,5.69,5.52,24
2024-07-26,2024,7,Friday,6,Ho Chi Minh City,60,Moderate,PM2.5,false,Valid,2.71,29.8,57.72,36.26,70.69,889.26,26.88,22.26,55.07,5.38,6.79,24
2024-07-27,2024,7,Saturday,7,Ho Chi Minh City,67,Moderate,PM2.5,false,Valid,2.83,33.44,49.22,40.14,60.21,987.73,29.54,24.39,45.42,5.56,6.9,24
2024-07-28,2024,7,Sunday,1,Ho Chi Minh City,98,Moderate,PM2.5,false,Valid,3.29,49.1,121.65,58.32,136.72,1367.69,26.25,33.34,45.78,23.78,12.08,24
2024-07-29,2024,7,Monday,2,Ho Chi Minh City,124,Poor,PM2.5,false,Valid,3.5,64.25,175.1,78.69,216.24,1728.46,29.3,40.11,28.61,32.77,12.46,24
2024-07-30,2024,7,Tuesday,3,Ho Chi Minh City,147,Poor,PM2.5,false,Valid,3.79,78.66,199.42,96.85,247.57,1970.73,33.87,43.08,37.91,33.21,13.62,24
2024-07-31,2024,7,Wednesday,4,Ho Chi Minh City,96,Moderate,PM2.5,false,Valid,3.33,48.14,93.08,60.9,112.16,1336.54,28.7,35.16,31.83,22.91,10.37,24
2024-08-01,2024,8,Thursday,5,Ho Chi Minh City,162,Unhealthy,PM2.5,false,Valid,4.17,96.56,237.06,117.16,270.79,2235.25,32.94,54.13,97.27,48.06,18.02,24
2024-08-02,2024,8,Friday,6,Ho Chi Minh City,191,Unhealthy,PM2.5,false,Valid,4.21,137.48,272.9,159.47,310.88,2931.48,42.98,86.03,15.74,93.18,22.25,24
2024-08-03,2024,8,Saturday,7,Ho Chi Minh City,135,Poor,PM2.5,false,Valid,3.75,71.18,236.56,83.76,265.62,1633.33,33.97,41.33,60.08,27.26,12.72,24
2024-08-04,2024,8,Sunday,1,Ho Chi Minh City,95,Moderate,PM2.5,false,Valid,3.33,47.75,91.43,57.33,111.71,1311.22,29.67,30.0,28.97,14.96,9.96,24
2024-08-05,2024,8,Monday,2,Ho Chi Minh City,111,Poor,PM2.5,false,Valid,3.83,56.38,88.48,66.64,105.25,1443.62,-388.06,40.42,77.96,27.33,11.75,24
2024-08-06,2024,8,Tuesday,3,Ho Chi Minh City,97,Moderate,PM2.5,false,Valid,3.38,48.76,85.25,59.64,102.58,1242.52,29.53,34.6,47.92,19.24,11.06,24
2024-08-07,2024,8,Wednesday,4,Ho Chi Minh City,94,Moderate,PM2.5,false,Valid,3.25,47.34,107.04,58.47,131.51,1284.24,30.08,36.47,35.76,20.17,10.38,24
2024-08-08,2024,8,Thursday,5,Ho Chi Minh City,68,Moderate,PM2.5,false,Valid,2.79,33.8,50.79,43.39,67.36,1026.95,26.5,30.16,57.22,14.13,9.63,24
2024-08-09,2024,8,Friday,6,Ho Chi Minh City,87,Moderate,PM2.5,false,Valid,3.17,43.61,74.56,55.12,95.04,1175.48,32.05,33.59,84.4,11.99,9.78,24
2024-08-10,2024,8,Saturday,7,Ho Chi Minh City,121,Poor,PM2.5,false,Valid,3.33,62.29,178.32,77.43,223.26,1506.49,28.24,28.76,100.14,17.63,12.75,24
2024-08-11,2024,8,Sunday,1,Ho Chi Minh City,45,Good,PM2.5,false,Valid,2.25,22.66,49.56,28.27,63.03,689.82,-397.68,19.36,80.11,5.04,6.99,24
2024-08-12,2024,8,Monday,2,Ho Chi Minh City,94,Moderate,PM2.5,false,Valid,2.96,46.97,138.78,57.58,161.99,1273.95,28.59,35.64,43.99,21.37,12.03,24
2024-08-13,2024,8,Tuesday,3,Ho Chi Minh City,85,Moderate,PM2.5,false,Valid,3.25,42.5,132.5,52.94,159.07,1060.05,27.33,32.29,90.84,14.73,11.16,24
2024-08-14,2024,8,Wednesday,4,Ho Chi Minh City,118,Poor,PM2.5,false,Valid,3.92,60.79,109.04,74.05,131.11,1313.17,29.75,35.63,105.86,19.5,10.94,24
2024-08-15,2024,8,Thursday,5,Ho Chi Minh City,112,Poor,PM2.5,false,Valid,3.71,57.08,100.86,69.29,123.0,1307.88,34.09,39.67,66.52,17.95,10.89,24
2024-08-16,2024,8,Friday,6,Ho Chi Minh City,108,Poor,PM2.5,false,Valid,3.75,54.87,92.01,69.23,118.49,1472.55,28.68,40.72,17.7,30.24,12.48,24
2024-08-17,2024,8,Saturday,7,Ho Chi Minh City,108,Poor,PM2.5,false,Valid,3.67,54.5,102.44,67.72,133.66,1559.34,26.11,35.77,19.67,27.95,12.42,24
2024-08-18,2024,8,Sunday,1,Ho Chi Minh City,84,Moderate,PM2.5,false,Valid,3.21,42.11,91.86,52.92,113.14,1179.66,27.91,34.03,41.13,17.03,10.71,24
2024-08-19,2024,8,Monday,2,Ho Chi Minh City,98,Moderate,PM2.5,false,Valid,3.5,49.45,95.89,63.4,118.95,1384.93,29.75,39.67,27.54,23.89,13.04,24
2024-08-20,2024,8,Tuesday,3,Ho Chi Minh City,137,Poor,PM2.5,false,Valid,3.75,72.58,135.26,91.01,163.46,1881.44,30.11,46.3,28.97,40.62,16.03,24
2024-08-21,2024,8,Wednesday,4,Ho Chi Minh City,136,Poor,PM2.5,false,Valid,3.88,71.91,144.34,87.14,175.58,1702.86,38.9,51.68,55.07,30.23,15.91,24
2024-08-22,2024,8,Thursday,5,Ho Chi Minh City,166,Unhealthy,PM2.5,false,Valid,4.13,102.58,215.43,122.73,248.54,2481.7,35.06,69.24,6.71,66.65,19.39,24
2024-08-23,2024,8,Friday,6,Ho Chi Minh City,152,Unhealthy,PM2.5,false,Valid,4.08,82.73,177.47,100.73,224.51,2187.97,31.68,63.5,1.42,62.38,17.75,24
2024-08-24,2024,8,Saturday,7,Ho Chi Minh City,160,Unhealthy,PM2.5,false,Valid,4.29,93.33,187.27,110.08,221.28,2097.85,38.73,61.27,2.08,50.9,19.93,24
2024-08-25,2024,8,Sunday,1,Ho Chi Minh City,121,Poor,PM2.5,false,Valid,3.79,62.68,117.4,74.69,138.84,1508.16,29.08,39.77,47.92,29.41,14.58,24
2024-08-26,2024,8,Monday,2,Ho Chi Minh City,119,Poor,PM2.5,false,Valid,3.79,61.44,105.94,74.1,122.32,1571.02,30.44,45.81,33.26,38.08,12.52,24
2024-08-27,2024,8,Tuesday,3,Ho Chi Minh City,89,Moderate,PM2.5,false,Valid,3.13,44.69,72.92,54.8,83.3,988.56,29.67,32.36,21.1,10.63,10.18,24
2024-08-28,2024,8,Wednesday,4,Ho Chi Minh City,69,Moderate,PM2.5,false,Valid,2.75,34.41,62.99,44.07,74.08,808.32,23.23,23.02,91.55,4.95,7.23,24
2024-08-29,2024,8,Thursday,5,Ho Chi Minh City,39,Good,PM2.5,false,Valid,2.17,19.81,35.43,26.07,46.42,791.07,21.53,24.36,19.31,11.51,6.73,24
2024-08-30,2024,8,Friday,6,Ho Chi Minh City,104,Poor,PM2.5,false,Valid,3.33,52.1,112.43,62.23,127.02,1547.38,24.56,32.11,11.8,29.04,12.36,24
2024-08-31,2024,8,Saturday,7,Ho Chi Minh City,125,Poor,PM2.5,false,Valid,3.67,64.7,142.22,76.57,158.07,1726.23,25.95,30.87,34.69,29.66,12.63,24
2024-09-01,2024,9,Sunday,1,Ho Chi Minh City,168,Unhealthy,PM2.5,false,Valid,4.21,105.5,188.61,120.17,210.97,2436.92,32.61,47.25,20.21,50.41,19.27,24
2024-09-02,2024,9,Monday,2,Ho Chi Minh City,79,Moderate,PM2.5,false,Valid,2.96,39.76,90.81,48.3,102.81,1210.81,29.3,35.25,31.47,20.76,9.31,24
2024-09-03,2024,9,Tuesday,3,Ho Chi Minh City,43,Good,PM2.5,false,Valid,2.21,21.92,34.75,28.39,45.26,828.9,23.23,26.18,34.33,12.06,7.0,24
2024-09-04,2024,9,Wednesday,4,Ho Chi Minh City,20,Good,PM2.5,false,Valid,1.58,10.18,17.6,13.71,21.71,538.37,18.44,15.99,31.11,3.14,5.32,24
2024-09-05,2024,9,Thursday,5,Ho Chi Minh City,32,Good,PM2.5,false,Valid,1.79,16.07,46.9,20.77,59.14,712.91,19.33,21.01,22.53,9.85,6.17,24
2024-09-06,2024,9,Friday,6,Ho Chi Minh City,18,Good,PM2.5,false,Valid,1.38,9.36,13.96,12.63,19.96,524.88,19.13,15.54,22.35,2.18,4.77,24
2024-09-07,2024,9,Saturday,7,Ho Chi Minh City,23,Good,PM2.5,false,Valid,1.58,11.96,19.87,16.13,27.72,601.37,18.79,16.29,23.96,3.83,5.74,24
2024-09-08,2024,9,Sunday,1,Ho Chi Minh City,68,Moderate,PM2.5,false,Valid,2.83,33.98,71.86,41.6,90.98,1132.93,26.72,24.85,27.89,11.28,8.05,24
2024-09-09,2024,9,Monday,2,Ho Chi Minh City,,N/A,,false,Insufficient Data (<75%),3.0,27.96,27.96,33.28,33.28,947.95,18.16,22.89,2.19,14.31,7.03,1
2024-09-10,2024,9,Tuesday,3,Ho Chi Minh City,60,Moderate,PM2.5,false,Valid,2.87,30.03,61.4,37.38,72.95,1038.51,24.82,34.18,9.03,22.38,8.64,23
2024-09-11,2024,9,Wednesday,4,Ho Chi Minh City,111,Poor,PM2.5,false,Valid,3.63,56.18,128.22,67.8,146.2,1566.29,25.11,46.94,5.99,42.37,13.7,24
2024-09-12,2024,9,Thursday,5,Ho Chi Minh City,65,Moderate,PM2.5,false,Valid,2.63,32.53,133.75,38.99,155.23,1021.11,28.47,33.87,15.56,19.64,7.92,24
2024-09-13,2024,9,Friday,6,Ho Chi Minh City,33,Good,PM2.5,false,Valid,2.04,16.53,29.6,20.6,36.74,713.75,23.98,22.62,23.25,7.09,5.99,24
2024-09-14,2024,9,Saturday,7,Ho Chi Minh City,22,Good,PM2.5,false,Valid,1.67,11.24,16.05,13.74,20.38,584.68,19.73,14.15,22.53,1.99,4.41,24
2024-09-15,2024,9,Sunday,1,Ho Chi Minh City,21,Good,PM2.5,false,Valid,1.38,10.76,21.78,13.88,27.67,557.01,17.4,15.85,37.19,4.18,5.1,24
2024-09-16,2024,9,Monday,2,Ho Chi Minh City,38,Good,PM2.5,false,Valid,2.25,19.13,56.11,23.95,68.93,763.81,20.34,23.97,11.98,11.6,6.72,24
2024-09-17,2024,9,Tuesday,3,Ho Chi Minh City,47,Good,PM2.5,false,Valid,2.29,23.97,44.14,27.46,50.54,924.59,25.38,20.81,18.78,5.89,5.08,24
2024-09-18,2024,9,Wednesday,4,Ho Chi Minh City,45,Good,PM2.5,false,Valid,2.33,22.73,37.95,26.83,43.66,835.02,25.86,21.72,43.27,5.07,5.69,24
2024-09-19,2024,9,Thursday,5,Ho Chi Minh City,19,Good,PM2.5,false,Valid,1.42,9.96,13.04,13.19,17.01,524.18,19.99,16.84,21.1,2.24,4.88,24
2024-09-20,2024,9,Friday,6,Ho Chi Minh City,20,Good,PM2.5,false,Valid,1.46,10.01,14.62,13.52,20.64,551.86,20.87,16.37,30.04,1.78,4.74,24
2024-09-21,2024,9,Saturday,7,Ho Chi Minh City,32,Good,PM2.5,false,Valid,1.83,16.3,27.28,19.61,30.54,689.55,23.49,17.4,46.49,2.63,5.05,24
2024-09-22,2024,9,Sunday,1,Ho Chi Minh City,131,Poor,PM2.5,false,Valid,3.75,68.61,146.69,81.36,180.32,1789.37,32.58,36.43,42.56,26.67,11.25,24
2024-09-23,2024,9,Monday,2,Ho Chi Minh City,241,Very Unhealthy,PM2.5,true,Valid,4.08,191.25,426.31,223.11,487.31,4176.78,41.0,75.69,35.41,101.61,35.83,24
2024-09-24,2024,9,Tuesday,3,Ho Chi Minh City,302,Hazardous,PM2.5,true,Valid,4.96,251.79,467.22,281.43,527.81,4792.61,62.86,105.98,7.6,126.9,37.72,24
2024-09-25,2024,9,Wednesday,4,Ho Chi Minh City,330,Hazardous,PM2.5,true,Valid,5.0,287.24,437.48,314.36,470.57,3752.87,83.31,78.6,300.41,49.06,17.42,24
2024-09-26,2024,9,Thursday,5,Ho Chi Minh City,174,Unhealthy,PM2.5,false,Valid,3.88,113.96,453.68,134.23,503.16,2516.19,51.52,60.32,34.33,46.14,12.97,24
2024-09-27,2024,9,Friday,6,Ho Chi Minh City,351,Hazardous,PM2.5,true,Valid,4.71,314.05,680.35,344.87,743.71,5182.59,111.0,108.7,118.73,86.2,38.09,24
2024-09-28,2024,9,Saturday,7,Ho Chi Minh City,190,Unhealthy,PM2.5,false,Valid,4.63,136.28,429.02,153.8,464.01,2426.63,58.89,51.19,148.77,27.06,12.03,24
2024-09-29,2024,9,Sunday,1,Ho Chi Minh City,96,Moderate,PM2.5,false,Valid,3.46,47.96,86.84,60.49,116.01,1409.69,27.69,29.95,55.07,19.34,11.48,24
2024-09-30,2024,9,Monday,2,Ho Chi Minh City,255,Very Unhealthy,PM2.5,true,Valid,4.13,205.41,496.28,231.83,566.19,4214.6,54.13,105.05,68.66,118.62,32.42,24
2024-10-01,2024,10,Tuesday,3,Ho Chi Minh City,186,Unhealthy,PM2.5,false,Valid,4.13,131.17,330.81,155.5,400.71,3122.01,27.86,51.44,3.04,78.25,17.26,24
2024-10-02,2024,10,Wednesday,4,Ho Chi Minh City,194,Unhealthy,PM2.5,false,Valid,4.33,142.5,295.31,163.98,354.03,3270.27,38.46,70.63,4.78,99.84,17.63,24
2024-10-03,2024,10,Thursday,5,Ho Chi Minh City,226,Very Unhealthy,PM2.5,true,Valid,4.75,175.63,369.68,199.58,432.12,3780.13,56.04,94.2,4.16,125.3,17.99,24
2024-10-04,2024,10,Friday,6,Ho Chi Minh City,190,Unhealthy,PM2.5,false,Valid,4.17,136.12,360.99,153.89,411.9,3159.01,57.26,66.22,23.25,76.5,18.2,24
2024-10-05,2024,10,Saturday,7,Ho Chi Minh City,187,Unhealthy,PM2.5,false,Valid,4.04,131.47,361.77,149.63,419.04,2888.36,61.36,57.59,45.06,30.89,24.27,24
2024-10-06,2024,10,Sunday,1,Ho Chi Minh City,180,Unhealthy,PM2.5,false,Valid,3.92,122.74,264.51,139.36,301.5,2677.8,38.36,50.13,71.53,57.0,18.66,24
2024-10-07,2024,10,Monday,2,Ho Chi Minh City,196,Unhealthy,PM2.5,false,Valid,4.5,144.85,288.95,165.22,336.92,2995.73,66.69,81.28,23.25,65.42,25.08,24
2024-10-08,2024,10,Tuesday,3,Ho Chi Minh City,282,Very Unhealthy,PM2.5,true,Valid,4.96,232.08,440.15,256.03,500.69,3326.18,103.78,96.42,92.98,35.65,30.65,24
2024-10-09,2024,10,Wednesday,4,Ho Chi Minh City,327,Hazardous,PM2.5,true,Valid,5.0,283.11,438.39,305.69,492.87,4089.99,102.9,75.84,50.07,43.47,18.43,24
2024-10-10,2024,10,Thursday,5,Ho Chi Minh City,233,Very Unhealthy,PM2.5,true,Valid,4.63,183.1,343.57,202.57,399.93,3349.54,72.34,81.38,75.1,56.71,25.1,24
2024-10-11,2024,10,Friday,6,Ho Chi Minh City,159,Unhealthy,PM2.5,false,Valid,4.58,91.64,176.08,108.02,187.52,2068.36,64.06,62.66,104.43,29.07,11.2,24
2024-10-12,2024,10,Saturday,7,Ho Chi Minh City,126,Poor,PM2.5,false,Valid,3.96,65.69,113.99,78.62,140.3,1785.75,45.85,45.4,43.27,26.1,10.89,24
2024-10-13,2024,10,Sunday,1,Ho Chi Minh City,183,Unhealthy,PM2.5,false,Valid,4.46,125.96,297.88,141.4,342.59,2564.03,63.3,58.44,101.57,27.7,21.77,24
2024-10-14,2024,10,Monday,2,Ho Chi Minh City,189,Unhealthy,PM2.5,false,Valid,4.33,135.33,265.95,152.08,285.74,2886.69,52.07,71.57,18.24,63.33,17.39,24
2024-10-15,2024,10,Tuesday,3,Ho Chi Minh City,267,Very Unhealthy,PM2.5,true,Valid,5.0,217.42,348.58,238.66,389.3,3854.67,110.5,87.94,43.63,60.81,17.11,24
2024-10-16,2024,10,Wednesday,4,Ho Chi Minh City,194,Unhealthy,PM2.5,false,Valid,5.0,141.89,191.8,162.97,222.8,2978.49,72.77,78.54,55.07,63.93,15.56,24
2024-10-17,2024,10,Thursday,5,Ho Chi Minh City,236,Very Unhealthy,PM2.5,true,Valid,4.58,186.11,352.73,210.48,383.57,4114.47,49.74,92.19,2.75,121.89,24.85,24
2024-10-18,2024,10,Friday,6,Ho Chi Minh City,216,Very Unhealthy,PM2.5,true,Valid,4.83,166.09,280.95,186.98,311.69,3350.66,61.12,92.23,4.47,84.96,30.27,24
2024-10-19,2024,10,Saturday,7,Ho Chi Minh City,187,Unhealthy,PM2.5,false,Valid,4.5,131.87,254.5,148.68,293.62,2936.2,39.93,56.21,9.03,63.92,17.11,24
2024-10-20,2024,10,Sunday,1,Ho Chi Minh City,195,Unhealthy,PM2.5,false,Valid,4.67,143.04,241.22,159.21,276.15,3001.85,55.86,56.43,10.28,54.13,16.93,24
2024-10-21,2024,10,Monday,2,Ho Chi Minh City,184,Unhealthy,PM2.5,false,Valid,4.08,128.09,405.41,144.43,446.85,2883.08,50.34,65.4,61.51,60.01,20.54,24
2024-10-22,2024,10,Tuesday,3,Ho Chi Minh City,113,Poor,PM2.5,false,Valid,3.42,57.66,168.05,67.74,195.99,1506.49,46.96,48.43,27.54,22.9,8.82,24
2024-10-23,2024,10,Wednesday,4,Ho Chi Minh City,209,Very Unhealthy,PM2.5,true,Valid,4.25,158.79,383.7,175.55,415.37,2875.01,83.21,67.55,49.35,38.34,13.5,24
2024-10-24,2024,10,Thursday,5,Ho Chi Minh City,133,Poor,PM2.5,false,Valid,3.5,69.84,235.7,84.8,292.68,2021.35,34.76,31.48,79.39,23.38,13.77,24
2024-10-25,2024,10,Friday,6,Ho Chi Minh City,126,Poor,PM2.5,false,Valid,3.88,65.75,126.53,80.1,157.01,1697.3,32.12,26.48,80.82,14.99,11.94,24
2024-10-26,2024,10,Saturday,7,Ho Chi Minh City,108,Poor,PM2.5,false,Valid,3.58,54.84,126.14,66.03,146.08,1335.42,26.38,18.72,125.89,6.72,10.27,24
2024-10-27,2024,10,Sunday,1,Ho Chi Minh City,76,Moderate,PM2.5,false,Valid,2.92,37.77,86.48,43.46,99.87,1262.82,25.83,21.82,51.5,10.64,7.36,24
2024-10-28,2024,10,Monday,2,Ho Chi Minh City,82,Moderate,PM2.5,false,Valid,3.13,41.19,87.89,47.74,98.38,1292.31,27.53,29.28,37.55,14.61,8.41,24
2024-10-29,2024,10,Tuesday,3,Ho Chi Minh City,120,Poor,PM2.5,false,Valid,3.96,61.8,90.89,70.72,102.78,1609.41,32.14,29.14,56.51,14.88,9.55,24
2024-10-30,2024,10,Wednesday,4,Ho Chi Minh City,128,Poor,PM2.5,false,Valid,3.88,66.87,158.07,79.62,195.79,1767.95,31.5,29.26,85.83,17.96,10.55,24
2024-10-31,2024,10,Thursday,5,Ho Chi Minh City,93,Moderate,PM2.5,false,Valid,3.33,46.63,72.79,56.15,91.76,1383.82,28.52,25.71,64.37,11.85,9.37,24
2024-11-01,2024,11,Friday,6,Ho Chi Minh City,169,Unhealthy,PM2.5,false,Valid,4.13,107.03,274.25,126.83,320.81,2748.73,50.38,57.65,45.42,58.1,13.79,24
2024-11-02,2024,11,Saturday,7,Ho Chi Minh City,140,Poor,PM2.5,false,Valid,3.83,73.89,168.9,84.75,193.85,1918.99,52.99,38.47,57.94,20.02,9.83,24
2024-11-03,2024,11,Sunday,1,Ho Chi Minh City,167,Unhealthy,PM2.5,false,Valid,4.33,104.19,166.65,118.99,195.28,2307.3,52.92,46.6,145.91,23.79,15.03,24
2024-11-04,2024,11,Monday,2,Ho Chi Minh City,185,Unhealthy,PM2.5,false,Valid,4.54,129.14,222.06,147.22,245.41,2705.34,59.81,69.67,10.19,57.4,14.02,24
2024-11-05,2024,11,Tuesday,3,Ho Chi Minh City,188,Unhealthy,PM2.5,false,Valid,4.46,134.11,341.34,153.67,394.9,3195.45,64.03,68.1,33.97,57.68,16.22,24
2024-11-06,2024,11,Wednesday,4,Ho Chi Minh City,247,Very Unhealthy,PM2.5,true,Valid,4.54,197.13,382.49,222.54,443.96,3486.4,84.13,71.42,121.59,34.76,17.13,24
2024-11-07,2024,11,Thursday,5,Ho Chi Minh City,195,Unhealthy,PM2.5,false,Valid,4.79,143.69,305.25,163.83,351.85,2941.21,65.93,65.05,150.2,35.75,14.76,24
2024-11-08,2024,11,Friday,6,Ho Chi Minh City,191,Unhealthy,PM2.5,false,Valid,4.13,138.11,380.36,161.64,451.19,3140.93,58.28,72.53,43.63,77.37,17.38,24
2024-11-09,2024,11,Saturday,7,Ho Chi Minh City,132,Poor,PM2.5,false,Valid,4.04,69.46,137.88,83.46,151.26,1739.58,49.67,50.69,25.03,27.51,13.66,24
2024-11-10,2024,11,Sunday,1,Ho Chi Minh City,276,Very Unhealthy,PM2.5,true,Valid,4.83,226.07,426.47,252.96,458.28,4216.83,83.8,80.41,107.29,68.39,25.11,24
2024-11-11,2024,11,Monday,2,Ho Chi Minh City,213,Very Unhealthy,PM2.5,true,Valid,5.0,163.11,398.24,186.48,431.02,2381.01,67.5,56.57,138.76,21.15,15.79,24
2024-11-12,2024,11,Tuesday,3,Ho Chi Minh City,205,Very Unhealthy,PM2.5,true,Valid,4.5,154.2,316.38,181.78,387.41,3137.87,43.41,58.29,70.1,52.45,25.25,24
2024-11-13,2024,11,Wednesday,4,Ho Chi Minh City,179,Unhealthy,PM2.5,false,Valid,4.71,121.19,259.78,144.71,293.52,2310.36,59.63,74.69,82.25,42.16,16.15,24
2024-11-14,2024,11,Thursday,5,Ho Chi Minh City,98,Moderate,PM2.5,false,Valid,3.33,49.26,117.96,65.49,143.57,1230.84,42.4,52.37,88.69,22.5,9.06,24
2024-11-15,2024,11,Friday,6,Ho Chi Minh City,87,Moderate,PM2.5,false,Valid,3.38,43.65,79.14,59.51,103.85,1228.89,48.91,52.57,18.24,24.02,8.24,24
2024-11-16,2024,11,Saturday,7,Ho Chi Minh City,113,Poor,PM2.5,false,Valid,3.83,57.54,96.12,73.84,121.69,1228.89,42.07,50.89,148.77,20.83,10.07,24
2024-11-17,2024,11,Sunday,1,Ho Chi Minh City,157,Unhealthy,PM2.5,false,Valid,4.46,88.68,164.38,109.63,195.15,1717.61,52.89,49.81,160.22,20.8,12.29,24
2024-11-18,2024,11,Monday,2,Ho Chi Minh City,206,Very Unhealthy,PM2.5,true,Valid,4.83,155.37,278.52,185.91,331.29,2819.93,77.34,69.67,240.33,27.92,16.0,24
2024-11-19,2024,11,Tuesday,3,Ho Chi Minh City,164,Unhealthy,PM2.5,false,Valid,4.46,98.87,172.94,123.37,218.79,2183.52,60.48,55.62,123.02,27.52,13.1,24
2024-11-20,2024,11,Wednesday,4,Ho Chi Minh City,188,Unhealthy,PM2.5,false,Valid,4.25,133.91,321.84,163.59,392.65,3325.62,61.85,67.86,33.62,70.59,15.01,24
2024-11-21,2024,11,Thursday,5,Ho Chi Minh City,180,Unhealthy,PM2.5,false,Valid,4.71,122.4,266.57,143.38,324.82,2814.93,78.21,58.92,217.44,31.8,11.81,24
2024-11-22,2024,11,Friday,6,Ho Chi Minh City,219,Very Unhealthy,PM2.5,true,Valid,4.71,169.13,316.59,196.95,380.54,3702.24,80.67,71.71,203.13,62.85,14.31,24
2024-11-23,2024,11,Saturday,7,Ho Chi Minh City,187,Unhealthy,PM2.5,false,Valid,4.21,131.98,272.94,156.42,326.73,3308.65,54.71,56.78,65.09,64.63,20.62,24
2024-11-24,2024,11,Sunday,1,Ho Chi Minh City,171,Unhealthy,PM2.5,false,Valid,4.08,108.93,279.03,128.14,335.45,2964.85,52.17,45.24,28.97,57.92,11.03,24
2024-11-25,2024,11,Monday,2,Ho Chi Minh City,149,Poor,PM2.5,false,Valid,3.92,79.59,176.0,106.37,226.89,2283.37,45.78,54.1,57.94,44.76,15.04,24
2024-11-26,2024,11,Tuesday,3,Ho Chi Minh City,211,Very Unhealthy,PM2.5,true,Valid,4.33,160.69,374.49,201.76,464.3,4286.65,59.45,61.04,154.5,79.64,23.04,24
2024-11-27,2024,11,Wednesday,4,Ho Chi Minh City,118,Poor,PM2.5,false,Valid,3.29,60.91,195.65,78.08,247.44,1779.91,48.93,49.93,97.27,26.22,13.71,24
2024-11-28,2024,11,Thursday,5,Ho Chi Minh City,31,Good,Ozone,false,Valid,2.04,15.15,22.54,20.16,31.21,632.8,24.52,23.89,101.57,1.75,5.71,24
2024-11-29,2024,11,Friday,6,Ho Chi Minh City,145,Poor,PM2.5,false,Valid,3.38,77.32,266.13,98.47,335.52,2084.49,63.62,45.19,97.27,19.93,15.21,24
2024-11-30,2024,11,Saturday,7,Ho Chi Minh City,128,Poor,PM2.5,false,Valid,3.96,66.69,132.18,85.81,168.61,1417.2,51.47,42.5,194.55,9.68,13.47,24
2024-12-01,2024,12,Sunday,1,Ho Chi Minh City,147,Poor,PM2.5,false,Valid,3.83,78.68,211.46,96.82,255.93,1584.37,48.28,40.49,121.59,16.29,11.59,24
2024-12-02,2024,12,Monday,2,Ho Chi Minh City,169,Unhealthy,PM2.5,false,Valid,4.58,106.62,253.11,126.61,294.97,2031.64,73.23,67.31,1.99,37.48,10.85,24
2024-12-03,2024,12,Tuesday,3,Ho Chi Minh City,243,Very Unhealthy,PM2.5,true,Valid,4.96,192.76,462.4,219.83,528.88,3977.06,72.99,68.03,6.79,83.71,14.76,24
2024-12-04,2024,12,Wednesday,4,Ho Chi Minh City,192,Unhealthy,PM2.5,false,Valid,4.58,139.15,328.98,157.05,364.02,3073.06,67.19,61.43,62.94,60.81,12.69,24
2024-12-05,2024,12,Thursday,5,Ho Chi Minh City,175,Unhealthy,PM2.5,false,Valid,4.75,115.23,241.94,133.5,274.31,2383.23,75.64,64.61,47.92,34.84,11.86,24
2024-12-06,2024,12,Friday,6,Ho Chi Minh City,161,Unhealthy,PM2.5,false,Valid,4.25,95.34,176.93,113.67,195.14,2225.52,62.89,50.81,124.45,30.44,8.96,24
2024-12-07,2024,12,Saturday,7,Ho Chi Minh City,208,Very Unhealthy,PM2.5,true,Valid,4.5,157.76,330.93,178.69,381.47,3508.65,71.76,52.37,40.05,57.19,11.8,24
2024-12-08,2024,12,Sunday,1,Ho Chi Minh City,64,Moderate,PM2.5,false,Valid,2.67,31.89,72.94,41.36,83.26,1087.03,39.63,32.75,87.26,6.28,9.38,24
2024-12-09,2024,12,Monday,2,Ho Chi Minh City,64,Moderate,PM2.5,false,Valid,2.75,31.77,57.09,39.93,72.66,1069.23,42.93,37.4,87.98,3.95,10.57,24
2024-12-10,2024,12,Tuesday,3,Ho Chi Minh City,36,Good,PM2.5,false,Valid,2.17,18.46,34.02,24.62,47.18,778.56,30.87,26.74,95.84,4.27,6.61,24
2024-12-11,2024,12,Wednesday,4,Ho Chi Minh City,188,Unhealthy,PM2.5,false,Valid,4.13,133.68,324.05,149.22,356.22,3350.93,56.22,73.73,26.46,83.72,21.75,24
2024-12-12,2024,12,Thursday,5,Ho Chi Minh City,161,Unhealthy,PM2.5,false,Valid,4.08,95.03,261.05,110.33,292.76,2750.4,47.52,47.08,41.13,53.86,10.48,24
2024-12-13,2024,12,Friday,6,Ho Chi Minh City,140,Poor,PM2.5,false,Valid,4.13,74.06,131.79,88.94,155.15,2228.86,48.92,53.38,13.59,45.38,9.87,24
2024-12-14,2024,12,Saturday,7,Ho Chi Minh City,204,Very Unhealthy,PM2.5,true,Valid,4.88,153.95,284.49,172.95,320.51,3830.19,68.37,49.45,28.25,58.16,13.79,24
2024-12-15,2024,12,Sunday,1,Ho Chi Minh City,97,Moderate,PM2.5,false,Valid,3.25,48.57,108.74,58.14,125.81,1435.56,38.39,37.02,33.26,20.01,7.55,24
2024-12-16,2024,12,Monday,2,Ho Chi Minh City,76,Moderate,PM2.5,false,Valid,3.0,37.9,46.71,47.48,55.31,1059.77,37.73,35.92,80.82,7.97,9.38,24
2024-12-17,2024,12,Tuesday,3,Ho Chi Minh City,165,Unhealthy,PM2.5,false,Valid,3.96,100.51,295.13,122.66,353.39,2457.78,50.2,41.94,133.04,30.88,14.4,24
2024-12-18,2024,12,Wednesday,4,Ho Chi Minh City,98,Moderate,PM2.5,false,Valid,3.46,49.03,103.05,63.06,130.35,1422.48,45.76,39.83,131.61,14.37,12.0,24
2024-12-19,2024,12,Thursday,5,Ho Chi Minh City,69,Moderate,PM2.5,false,Valid,2.92,34.2,74.6,44.5,96.51,1088.14,41.54,32.02,114.44,5.83,11.5,24
2024-12-20,2024,12,Friday,6,Ho Chi Minh City,193,Unhealthy,PM2.5,false,Valid,4.38,140.12,373.43,171.09,447.8,3446.06,64.8,52.34,148.77,47.83,17.6,24
2024-12-21,2024,12,Saturday,7,Ho Chi Minh City,159,Unhealthy,PM2.5,false,Valid,4.04,91.75,225.59,115.49,280.35,2275.86,49.02,39.47,85.83,28.73,15.98,24
2024-12-22,2024,12,Sunday,1,Ho Chi Minh City,81,Moderate,PM2.5,false,Valid,3.21,40.79,96.67,54.03,125.24,1121.24,34.7,25.41,125.89,6.0,11.55,24
2024-12-23,2024,12,Monday,2,Ho Chi Minh City,63,Moderate,PM2.5,false,Valid,2.75,31.46,57.83,38.92,72.74,849.76,30.44,24.32,95.84,1.74,8.63,24
2024-12-24,2024,12,Tuesday,3,Ho Chi Minh City,38,Good,PM2.5,false,Valid,2.21,19.24,28.66,23.38,35.32,677.59,22.68,19.22,69.38,1.04,5.86,24
2024-12-25,2024,12,Wednesday,4,Ho Chi Minh City,66,Moderate,PM2.5,false,Valid,2.67,33.04,75.58,41.13,94.26,988.56,30.6,25.93,92.98,8.45,7.9,24
2024-12-26,2024,12,Thursday,5,Ho Chi Minh City,139,Poor,PM2.5,false,Valid,3.67,73.86,168.06,91.49,194.53,1992.42,46.91,45.6,57.22,37.45,9.98,24
2024-12-27,2024,12,Friday,6,Ho Chi Minh City,232,Very Unhealthy,PM2.5,true,Valid,4.67,181.5,344.06,200.07,372.63,4000.98,86.32,98.3,13.23,90.08,25.04,24
2024-12-28,2024,12,Saturday,7,Ho Chi Minh City,166,Unhealthy,PM2.5,false,Valid,4.04,102.53,225.31,115.67,245.91,2700.61,59.89,50.21,9.12,53.61,8.53,24
2024-12-29,2024,12,Sunday,1,Ho Chi Minh City,102,Poor,PM2.5,false,Valid,3.38,50.68,75.02,58.97,82.65,1077.29,31.57,26.81,148.77,4.65,8.73,24
2024-12-30,2024,12,Monday,2,Ho Chi Minh City,180,Unhealthy,PM2.5,false,Valid,4.67,122.51,271.66,148.76,329.72,2619.66,52.14,43.82,151.63,31.44,14.92,24
2024-12-31,2024,12,Tuesday,3,Ho Chi Minh City,46,Good,PM2.5,false,Valid,2.38,23.29,58.29,31.13,78.62,858.39,31.47,30.16,51.5,7.63,8.55,24
2025-01-01,2025,1,Wednesday,4,Ho Chi Minh City,183,Unhealthy,PM2.5,false,Valid,4.21,125.77,286.56,153.42,345.16,3010.19,62.4,50.85,95.84,40.28,15.54,24
2025-01-02,2025,1,Thursday,5,Ho Chi Minh City,176,Unhealthy,PM2.5,false,Valid,4.33,116.07,291.63,135.95,334.37,2533.44,66.25,46.41,140.19,27.48,10.84,24
2025-01-03,2025,1,Friday,6,Ho Chi Minh City,87,Moderate,PM2.5,false,Valid,3.13,43.46,106.42,55.04,134.39,1392.72,53.67,42.56,60.08,9.71,11.22,24
2025-01-04,2025,1,Saturday,7,Ho Chi Minh City,170,Unhealthy,PM2.5,false,Valid,4.33,107.76,234.21,130.41,280.31,2392.97,62.58,35.42,141.62,14.94,14.83,24
2025-01-05,2025,1,Sunday,1,Ho Chi Minh City,176,Unhealthy,PM2.5,false,Valid,4.04,115.95,298.36,137.26,341.03,1810.51,56.12,33.42,158.79,6.28,12.13,24
2025-01-06,2025,1,Monday,2,Ho Chi Minh City,176,Unhealthy,PM2.5,false,Valid,4.46,116.26,259.05,143.31,316.58,2529.54,72.82,60.28,98.71,26.27,19.58,24
2025-01-07,2025,1,Tuesday,3,Ho Chi Minh City,192,Unhealthy,PM2.5,false,Valid,4.88,139.16,387.73,167.88,443.2,2522.31,63.76,62.05,170.23,31.39,15.78,24
2025-01-08,2025,1,Wednesday,4,Ho Chi Minh City,174,Unhealthy,PM2.5,false,Valid,4.58,113.32,259.88,139.54,301.44,2217.73,60.45,62.21,180.24,25.32,20.39,24
2025-01-09,2025,1,Thursday,5,Ho Chi Minh City,190,Unhealthy,PM2.5,false,Valid,4.79,136.73,213.07,167.99,262.29,2297.0,78.16,59.58,243.19,15.92,17.76,24
2025-01-10,2025,1,Friday,6,Ho Chi Minh City,58,Moderate,PM2.5,false,Valid,2.58,28.86,47.18,39.32,62.68,801.92,37.66,40.84,91.55,5.04,9.5,24
2025-01-11,2025,1,Saturday,7,Ho Chi Minh City,48,Good,Ozone,false,Valid,2.5,23.36,36.63,28.43,50.0,645.88,19.47,19.81,154.5,1.4,5.58,24
2025-01-12,2025,1,Sunday,1,Ho Chi Minh City,68,Moderate,PM2.5,false,Valid,3.13,33.68,55.86,44.05,74.13,855.05,34.25,30.18,170.23,1.26,10.33,24
2025-01-13,2025,1,Monday,2,Ho Chi Minh City,158,Unhealthy,PM2.5,false,Valid,4.71,90.09,138.31,113.41,173.22,1540.98,53.39,47.59,208.85,8.11,20.71,24
2025-01-14,2025,1,Tuesday,3,Ho Chi Minh City,128,Poor,PM2.5,false,Valid,4.04,66.55,127.55,81.38,157.95,1673.38,46.33,42.41,143.05,20.6,10.76,24
2025-01-15,2025,1,Wednesday,4,Ho Chi Minh City,209,Very Unhealthy,PM2.5,true,Valid,4.25,158.52,363.42,185.53,430.79,3747.86,86.35,58.71,94.41,46.67,16.56,24
2025-01-16,2025,1,Thursday,5,Ho Chi Minh City,56,Moderate,PM2.5,false,Valid,2.5,27.83,92.93,36.96,114.3,835.3,30.55,30.76,91.55,7.83,7.6,24
2025-01-17,2025,1,Friday,6,Ho Chi Minh City,186,Unhealthy,PM2.5,false,Valid,4.54,130.99,285.8,159.57,318.84,2440.53,77.26,63.76,234.6,15.45,15.96,24
2025-01-18,2025,1,Saturday,7,Ho Chi Minh City,192,Unhealthy,PM2.5,false,Valid,5.0,138.96,286.84,168.51,337.8,2424.95,61.51,42.7,243.19,16.08,18.57,24
2025-01-19,2025,1,Sunday,1,Ho Chi Minh City,185,Unhealthy,PM2.5,false,Valid,4.42,129.52,304.67,158.39,361.98,2352.08,67.29,45.42,143.05,16.55,15.04,24
2025-01-20,2025,1,Monday,2,Ho Chi Minh City,129,Poor,PM2.5,false,Valid,3.88,67.57,136.98,91.71,177.13,1504.82,64.06,60.48,76.53,17.53,13.2,24
2025-01-21,2025,1,Tuesday,3,Ho Chi Minh City,176,Unhealthy,PM2.5,false,Valid,4.67,116.92,228.21,147.98,285.97,2150.97,69.51,51.63,165.94,14.78,16.14,24
2025-01-22,2025,1,Wednesday,4,Ho Chi Minh City,173,Unhealthy,PM2.5,false,Valid,4.83,111.85,168.65,143.71,211.01,1637.22,58.55,65.63,311.85,13.77,14.79,24
2025-01-23,2025,1,Thursday,5,Ho Chi Minh City,173,Unhealthy,PM2.5,false,Valid,4.42,112.18,313.09,141.09,382.57,2068.92,73.34,68.21,69.38,25.97,15.4,24
2025-01-24,2025,1,Friday,6,Ho Chi Minh City,147,Poor,PM2.5,false,Valid,3.13,78.41,368.55,99.18,444.75,1741.53,49.8,46.04,72.24,24.95,11.22,24
2025-01-25,2025,1,Saturday,7,Ho Chi Minh City,54,Moderate,PM2.5,false,Valid,2.54,26.8,53.14,38.09,72.77,762.42,34.3,39.85,113.01,7.29,7.79,24
2025-01-26,2025,1,Sunday,1,Ho Chi Minh City,98,Moderate,PM2.5,false,Valid,3.54,49.02,84.67,65.27,112.17,1121.24,41.31,47.3,155.93,17.36,10.91,24
2025-01-27,2025,1,Monday,2,Ho Chi Minh City,181,Unhealthy,PM2.5,false,Valid,4.83,123.56,222.97,152.21,275.09,2235.25,75.49,65.13,223.16,21.17,18.14,24
2025-01-28,2025,1,Tuesday,3,Ho Chi Minh City,182,Unhealthy,PM2.5,false,Valid,4.71,124.3,224.81,150.82,272.84,2218.01,76.41,63.17,211.72,17.5,17.65,24
2025-01-29,2025,1,Wednesday,4,Ho Chi Minh City,171,Unhealthy,PM2.5,false,Valid,4.67,108.58,159.7,133.11,205.91,2065.02,64.92,62.83,223.16,17.6,16.23,24
2025-01-30,2025,1,Thursday,5,Ho Chi Minh City,185,Unhealthy,PM2.5,false,Valid,4.79,129.5,262.07,154.94,312.05,2344.85,69.4,47.12,197.41,14.76,18.8,24
2025-01-31,2025,1,Friday,6,Ho Chi Minh City,195,Unhealthy,PM2.5,false,Valid,4.42,143.14,410.79,166.58,457.15,2539.0,69.13,47.11,157.36,17.22,17.41,24
2025-02-01,2025,2,Saturday,7,Ho Chi Minh City,133,Poor,PM2.5,false,Valid,3.88,69.62,179.25,87.3,222.98,1351.55,39.11,39.92,251.77,10.04,11.91,24
2025-02-02,2025,2,Sunday,1,Ho Chi Minh City,165,Unhealthy,Ozone,false,Valid,3.5,58.69,145.15,76.2,170.3,1050.87,41.1,54.25,329.02,7.35,11.08,24
2025-02-03,2025,2,Monday,2,Ho Chi Minh City,136,Poor,Ozone,false,Valid,4.08,65.72,99.29,87.32,112.75,1354.06,50.81,64.03,271.8,18.63,15.88,24
2025-02-04,2025,2,Tuesday,3,Ho Chi Minh City,181,Unhealthy,PM2.5,false,Valid,4.92,123.42,236.7,150.26,283.46,2181.01,76.84,69.74,326.16,20.66,26.02,24
2025-02-05,2025,2,Wednesday,4,Ho Chi Minh City,179,Unhealthy,PM2.5,false,Valid,4.42,120.36,322.89,146.48,377.77,1986.03,63.28,66.76,323.3,18.94,16.55,24
2025-02-06,2025,2,Thursday,5,Ho Chi Minh City,173,Unhealthy,PM2.5,false,Valid,4.5,112.85,288.95,141.08,350.2,2074.48,59.36,54.31,220.3,26.23,14.25,24
2025-02-07,2025,2,Friday,6,Ho Chi Minh City,191,Unhealthy,PM2.5,false,Valid,4.92,138.19,489.59,173.07,571.94,2862.77,81.63,65.11,254.63,33.62,21.8,24
2025-02-08,2025,2,Saturday,7,Ho Chi Minh City,123,Poor,Ozone,false,Valid,4.04,60.66,121.61,75.03,156.38,1310.39,47.8,47.85,246.05,6.33,16.73,24
2025-02-09,2025,2,Sunday,1,Ho Chi Minh City,130,Poor,Ozone,false,Valid,3.96,54.88,85.81,69.16,114.83,1229.17,51.77,48.94,260.35,3.81,15.7,24
2025-02-10,2025,2,Monday,2,Ho Chi Minh City,157,Unhealthy,PM2.5,false,Valid,4.21,89.41,215.27,114.09,270.84,1944.3,75.66,68.84,165.94,10.74,22.27,24
2025-02-11,2025,2,Tuesday,3,Ho Chi Minh City,132,Poor,PM2.5,false,Valid,3.88,69.49,154.3,85.37,192.0,1424.15,62.56,65.64,84.4,13.09,11.62,24
2025-02-12,2025,2,Wednesday,4,Ho Chi Minh City,131,Poor,PM2.5,false,Valid,4.17,68.52,105.42,81.75,130.22,1329.58,51.65,52.87,165.94,9.2,11.9,24
2025-02-13,2025,2,Thursday,5,Ho Chi Minh City,135,Poor,PM2.5,false,Valid,4.21,70.97,108.32,87.62,132.59,1516.78,49.71,63.78,203.13,20.15,11.53,24
2025-02-14,2025,2,Friday,6,Ho Chi Minh City,158,Unhealthy,PM2.5,false,Valid,4.33,90.23,168.49,107.42,201.92,1771.57,55.22,62.52,263.21,24.28,12.25,24
2025-02-15,2025,2,Saturday,7,Ho Chi Minh City,151,Unhealthy,PM2.5,false,Valid,3.92,80.23,246.41,93.38,283.64,1515.39,46.32,47.31,288.96,17.61,9.14,24
2025-02-16,2025,2,Sunday,1,Ho Chi Minh City,68,Moderate,PM2.5,false,Valid,2.71,34.18,68.22,46.07,86.89,917.08,36.98,43.49,117.3,11.18,7.9,24
2025-02-17,2025,2,Monday,2,Ho Chi Minh City,99,Moderate,PM2.5,false,Valid,3.54,49.82,99.02,69.08,131.96,1263.38,48.7,65.51,148.77,22.92,12.25,24
2025-02-18,2025,2,Tuesday,3,Ho Chi Minh City,176,Unhealthy,PM2.5,false,Valid,4.17,116.34,217.63,149.62,277.61,2784.33,69.17,65.27,33.62,49.71,17.93,24
2025-02-19,2025,2,Wednesday,4,Ho Chi Minh City,187,Unhealthy,PM2.5,false,Valid,4.5,132.48,250.7,160.32,290.56,2920.07,77.78,62.74,130.18,42.32,14.19,24
2025-02-20,2025,2,Thursday,5,Ho Chi Minh City,148,Poor,PM2.5,false,Valid,3.88,79.01,197.65,103.17,252.3,1945.97,56.64,55.19,120.16,27.72,13.57,24
2025-02-21,2025,2,Friday,6,Ho Chi Minh City,206,Very Unhealthy,PM2.5,true,Valid,4.04,155.58,374.31,185.91,437.77,3943.12,78.54,71.91,56.51,77.52,19.04,24
2025-02-22,2025,2,Saturday,7,Ho Chi Minh City,123,Poor,PM2.5,false,Valid,3.63,63.49,127.68,78.5,153.2,1813.57,57.51,47.74,55.07,21.44,9.94,24
2025-02-23,2025,2,Sunday,1,Ho Chi Minh City,122,Poor,PM2.5,false,Valid,3.67,63.31,128.37,81.44,161.99,1885.33,48.85,42.38,67.95,25.29,10.77,24
2025-02-24,2025,2,Monday,2,Ho Chi Minh City,179,Unhealthy,PM2.5,false,Valid,3.79,120.85,259.42,151.09,321.13,3191.55,54.99,61.56,79.39,54.5,27.58,24
2025-02-25,2025,2,Tuesday,3,Ho Chi Minh City,185,Unhealthy,PM2.5,false,Valid,4.04,129.38,278.41,164.32,349.13,3405.73,66.52,62.63,101.57,55.08,21.38,24
2025-02-26,2025,2,Wednesday,4,Ho Chi Minh City,172,Unhealthy,PM2.5,false,Valid,4.08,110.73,224.13,143.53,281.35,2856.65,67.18,57.6,143.05,44.14,16.7,24
2025-02-27,2025,2,Thursday,5,Ho Chi Minh City,96,Moderate,Ozone,false,Valid,3.13,46.14,221.27,65.11,278.3,1233.9,43.29,52.79,197.41,16.46,11.46,24
2025-02-28,2025,2,Friday,6,Ho Chi Minh City,126,Poor,Ozone,false,Valid,3.04,35.28,79.27,49.54,112.61,915.41,37.17,47.91,251.77,8.63,9.32,24
2025-03-01,2025,3,Saturday,7,Ho Chi Minh City,115,Poor,Ozone,false,Valid,2.67,23.93,57.63,34.93,70.22,665.35,27.45,32.34,228.88,3.14,6.34,24
2025-03-02,2025,3,Sunday,1,Ho Chi Minh City,35,Good,Ozone,false,Valid,2.17,14.06,20.01,22.36,30.68,578.56,27.55,27.75,114.44,0.92,5.76,24
2025-03-03,2025,3,Monday,2,Ho Chi Minh City,47,Good,PM2.5,false,Valid,2.75,23.79,40.18,34.93,55.82,709.02,33.37,37.23,144.48,4.31,6.96,24
2025-03-04,2025,3,Tuesday,3,Ho Chi Minh City,73,Moderate,PM2.5,false,Valid,3.33,36.65,62.72,51.57,83.86,878.69,41.65,50.31,175.95,9.21,8.54,24
2025-03-05,2025,3,Wednesday,4,Ho Chi Minh City,,N/A,,false,Insufficient Data (<75%),4.0,61.16,61.16,83.82,83.82,1255.04,35.99,61.04,0.13,36.21,10.64,1
2025-03-07,2025,3,Friday,6,Ho Chi Minh City,74,Moderate,PM2.5,false,Valid,3.04,36.87,69.04,47.17,86.18,946.21,43.44,41.1,59.37,10.77,6.9,23
2025-03-08,2025,3,Saturday,7,Ho Chi Minh City,101,Poor,PM2.5,false,Valid,3.92,50.16,100.55,64.11,130.5,1175.48,38.78,31.4,155.93,6.87,9.47,24
2025-03-09,2025,3,Sunday,1,Ho Chi Minh City,68,Moderate,PM2.5,false,Valid,2.96,33.89,73.24,43.24,86.94,1003.58,41.21,46.1,134.47,15.08,9.31,24
2025-03-10,2025,3,Monday,2,Ho Chi Minh City,161,Unhealthy,PM2.5,false,Valid,4.04,94.45,213.37,118.1,261.56,2287.27,54.78,46.25,243.19,36.4,11.24,24
2025-03-11,2025,3,Tuesday,3,Ho Chi Minh City,141,Poor,Ozone,false,Valid,2.88,55.31,318.65,68.05,359.52,1199.68,43.54,44.66,283.24,10.32,9.07,24
2025-03-12,2025,3,Wednesday,4,Ho Chi Minh City,40,Good,PM2.5,false,Valid,2.25,20.19,60.82,30.26,84.81,710.69,33.42,37.54,97.27,6.02,7.73,24
2025-03-13,2025,3,Thursday,5,Ho Chi Minh City,32,Good,PM2.5,false,Valid,2.04,16.38,22.49,24.56,34.77,598.31,28.43,30.84,101.57,3.62,5.9,24
2025-03-14,2025,3,Friday,6,Ho Chi Minh City,49,Good,Ozone,false,Valid,2.58,20.46,37.45,29.4,51.02,634.47,28.42,33.43,158.79,4.66,6.14,24
2025-03-15,2025,3,Saturday,7,Ho Chi Minh City,39,Good,Ozone,false,Valid,2.08,16.08,23.04,24.3,34.67,551.58,28.38,27.03,125.89,1.39,5.12,24
2025-03-16,2025,3,Sunday,1,Ho Chi Minh City,66,Moderate,PM2.5,false,Valid,3.08,33.14,67.47,44.28,83.99,814.44,34.12,33.02,153.06,8.26,6.58,24
2025-03-17,2025,3,Monday,2,Ho Chi Minh City,109,Poor,PM2.5,false,Valid,3.88,55.09,94.88,68.82,123.28,1273.12,47.74,47.59,161.65,13.88,8.71,24
2025-03-18,2025,3,Tuesday,3,Ho Chi Minh City,145,Poor,PM2.5,false,Valid,4.25,77.29,173.17,98.79,221.53,1759.61,57.26,51.04,237.46,16.11,12.45,24
2025-03-19,2025,3,Wednesday,4,Ho Chi Minh City,123,Poor,PM2.5,false,Valid,4.04,63.76,128.11,81.34,162.29,1575.47,51.91,49.2,154.5,17.13,15.64,24
2025-03-20,2025,3,Thursday,5,Ho Chi Minh City,115,Poor,Ozone,false,Valid,3.88,58.55,107.65,75.82,134.95,1403.57,60.26,60.12,228.88,9.56,17.77,24
2025-03-21,2025,3,Friday,6,Ho Chi Minh City,136,Poor,Ozone,false,Valid,3.71,48.73,98.18,66.4,121.07,1199.4,51.37,54.68,271.8,5.38,13.35,24
2025-03-22,2025,3,Saturday,7,Ho Chi Minh City,129,Poor,Ozone,false,Valid,3.79,44.37,67.47,59.32,85.62,991.34,39.16,43.0,257.49,2.54,10.38,24
2025-03-23,2025,3,Sunday,1,Ho Chi Minh City,103,Poor,Ozone,false,Valid,3.54,45.57,105.04,63.57,138.64,961.3,42.1,45.3,205.99,7.48,9.47,24
2025-03-24,2025,3,Monday,2,Ho Chi Minh City,162,Unhealthy,Ozone,false,Valid,3.54,52.39,126.29,75.95,142.64,831.41,38.23,48.68,323.3,4.45,8.39,24
2025-03-25,2025,3,Tuesday,3,Ho Chi Minh City,70,Moderate,PM2.5,false,Valid,3.04,34.75,52.96,58.36,80.85,716.25,37.2,36.76,131.61,1.67,7.61,24
2025-03-26,2025,3,Wednesday,4,Ho Chi Minh City,,N/A,,false,Insufficient Data (<75%),4.0,67.06,67.06,97.55,97.55,1401.9,50.72,83.92,0.95,38.0,12.16,1
2025-03-27,2025,3,Thursday,5,Ho Chi Minh City,86,Moderate,Ozone,false,Valid,2.91,24.96,38.77,38.26,57.08,814.15,33.36,37.76,188.83,6.0,7.73,23
2025-03-28,2025,3,Friday,6,Ho Chi Minh City,89,Moderate,Ozone,false,Valid,2.96,27.73,69.41,39.03,90.5,867.84,32.32,38.55,191.69,8.56,8.29,24
2025-03-29,2025,3,Saturday,7,Ho Chi Minh City,31,Good,Ozone,false,Valid,2.08,13.03,30.3,19.24,43.02,536.56,23.69,23.21,101.57,2.57,4.51,24
2025-03-30,2025,3,Sunday,1,Ho Chi Minh City,,N/A,,false,Insufficient Data (<75%),2.0,16.32,16.32,23.12,23.12,600.81,28.79,36.24,7.6,7.26,5.83,1
2025-04-04,2025,4,Friday,6,Ho Chi Minh City,31,Good,Ozone,false,Valid,2.04,12.28,22.4,18.21,33.01,518.09,23.3,22.2,101.57,1.8,4.35,23
2025-04-05,2025,4,Saturday,7,Ho Chi Minh City,,N/A,,false,Insufficient Data (<75%),2.0,16.32,16.32,23.12,23.12,600.81,28.79,36.24,7.6,7.26,5.83,1
2025-04-06,2025,4,Sunday,1,Ho Chi Minh City,19,Good,Ozone,false,Valid,1.43,7.55,11.28,14.16,19.81,236.58,3.37,1.2,63.42,0.15,2.43,23
2025-04-07,2025,4,Monday,2,Ho Chi Minh City,19,Good,Ozone,false,Valid,1.29,6.26,7.6,13.66,20.4,215.33,3.0,1.2,62.15,0.12,2.22,24
2025-04-08,2025,4,Tuesday,3,Ho Chi Minh City,18,Good,Ozone,false,Valid,1.08,6.29,10.55,12.88,20.42,234.7,3.12,1.17,59.3,0.09,2.21,24
2025-04-09,2025,4,Wednesday,4,Ho Chi Minh City,23,Good,Ozone,false,Valid,2.0,11.37,20.33,16.37,25.26,314.83,4.68,1.32,74.89,0.09,2.78,24
2025-04-10,2025,4,Thursday,5,Ho Chi Minh City,39,Good,PM2.5,false,Valid,1.92,19.67,50.15,24.03,58.06,590.74,11.38,2.29,46.59,0.5,6.83,24
2025-04-11,2025,4,Friday,6,Ho Chi Minh City,47,Good,PM2.5,false,Valid,2.13,23.81,58.15,29.25,67.39,677.74,11.72,2.28,43.51,2.34,7.36,24
2025-04-12,2025,4,Saturday,7,Ho Chi Minh City,38,Good,PM2.5,false,Valid,1.83,19.14,58.38,23.02,68.27,576.24,8.9,1.94,50.46,2.96,6.72,24
2025-04-13,2025,4,Sunday,1,Ho Chi Minh City,21,Good,PM2.5,false,Valid,1.38,10.76,41.64,13.24,48.58,326.81,4.76,1.28,55.31,0.89,3.27,24
2025-04-14,2025,4,Monday,2,Ho Chi Minh City,29,Good,PM2.5,false,Valid,1.58,14.56,23.44,18.71,33.08,247.55,3.53,1.1,86.44,0.03,2.14,24
2025-04-15,2025,4,Tuesday,3,Ho Chi Minh City,40,Good,PM2.5,false,Valid,2.17,20.09,28.08,26.81,33.19,294.56,4.22,1.27,83.46,0.05,2.49,24
2025-04-16,2025,4,Wednesday,4,Ho Chi Minh City,51,Moderate,PM2.5,false,Valid,2.42,25.05,55.91,29.05,65.33,530.66,9.8,1.96,70.76,0.69,6.22,24
2025-04-17,2025,4,Thursday,5,Ho Chi Minh City,52,Moderate,PM2.5,false,Valid,2.38,25.91,53.35,31.28,61.41,689.13,12.58,2.39,45.27,1.57,7.09,24
2025-04-18,2025,4,Friday,6,Ho Chi Minh City,35,Good,PM2.5,false,Valid,1.92,17.61,46.67,21.58,54.06,528.98,9.81,1.96,60.73,1.0,5.87,24
2025-04-19,2025,4,Saturday,7,Ho Chi Minh City,,N/A,,false,Insufficient Data (<75%),3.0,32.3,32.3,38.31,38.31,976.47,14.85,2.47,8.71,3.99,7.97,1
2025-04-20,2025,4,Sunday,1,Ho Chi Minh City,36,Good,PM2.5,false,Valid,1.87,18.09,51.83,22.51,60.04,503.31,9.15,1.8,58.92,1.14,5.75,23
2025-04-21,2025,4,Monday,2,Ho Chi Minh City,18,Good,PM2.5,false,Valid,1.25,9.46,51.54,12.51,60.78,309.03,5.22,1.32,49.98,0.69,3.16,24
2025-04-22,2025,4,Tuesday,3,Ho Chi Minh City,26,Good,PM2.5,false,Valid,1.58,13.21,41.31,16.32,48.22,458.67,9.2,1.83,36.41,1.17,5.51,24
2025-04-23,2025,4,Wednesday,4,Ho Chi Minh City,41,Good,PM2.5,false,Valid,2.0,20.99,47.69,26.13,57.05,623.64,11.28,2.11,44.3,2.35,6.46,24
2025-04-24,2025,4,Thursday,5,Ho Chi Minh City,32,Good,PM2.5,false,Valid,1.92,16.45,36.51,20.87,47.39,544.47,9.33,1.84,47.63,1.63,5.01,24
2025-04-25,2025,4,Friday,6,Ho Chi Minh City,23,Good,PM2.5,false,Valid,1.63,11.98,18.9,15.49,24.96,413.52,7.23,1.61,56.26,0.4,4.42,24
2025-04-26,2025,4,Saturday,7,Ho Chi Minh City,41,Good,PM2.5,false,Valid,1.92,20.75,46.87,25.26,53.2,617.67,10.51,1.88,55.36,2.01,5.78,24
2025-04-27,2025,4,Sunday,1,Ho Chi Minh City,41,Good,PM2.5,false,Valid,2.0,20.97,50.75,25.41,59.51,629.08,10.84,1.97,52.25,1.9,6.16,24
2025-04-28,2025,4,Monday,2,Ho Chi Minh City,46,Good,PM2.5,false,Valid,2.25,23.11,57.6,29.42,68.89,594.88,10.48,2.04,62.23,1.73,5.77,24
2025-04-29,2025,4,Tuesday,3,Ho Chi Minh City,29,Good,PM2.5,false,Valid,1.96,14.97,55.46,20.96,67.5,397.47,6.95,1.65,63.96,0.59,4.09,24
2025-04-30,2025,4,Wednesday,4,Ho Chi Minh City,24,Good,Ozone,false,Valid,1.46,6.47,18.69,10.64,29.8,213.34,3.3,1.17,76.81,0.13,2.56,24
2025-05-01,2025,5,Thursday,5,Ho Chi Minh City,15,Good,Ozone,false,Valid,1.0,5.26,8.53,6.62,10.94,270.17,5.5,1.19,50.66,0.05,2.64,24
2025-05-02,2025,5,Friday,6,Ho Chi Minh City,16,Good,PM2.5,false,Valid,1.21,8.25,17.38,9.56,19.1,346.77,7.25,1.4,53.26,0.14,3.54,24
2025-05-03,2025,5,Saturday,7,Ho Chi Minh City,54,Moderate,PM2.5,false,Valid,2.25,26.59,62.79,29.81,68.74,727.99,13.67,2.53,51.36,2.79,8.44,24
2025-05-04,2025,5,Sunday,1,Ho Chi Minh City,56,Moderate,PM2.5,false,Valid,2.5,27.85,65.75,32.01,72.53,810.57,13.96,2.31,61.61,2.69,7.76,24
2025-05-05,2025,5,Monday,2,Ho Chi Minh City,40,Good,PM2.5,false,Valid,2.08,20.11,58.06,23.7,64.84,678.93,11.82,1.99,52.67,1.17,6.06,24
2025-05-06,2025,5,Tuesday,3,Ho Chi Minh City,41,Good,PM2.5,false,Valid,2.25,20.6,43.68,23.95,49.92,546.38,8.46,1.66,69.04,0.67,4.42,24
2025-05-07,2025,5,Wednesday,4,Ho Chi Minh City,36,Good,PM2.5,false,Valid,1.96,18.14,26.94,21.13,30.94,457.57,7.97,1.61,68.12,0.36,4.21,24
2025-05-08,2025,5,Thursday,5,Ho Chi Minh City,30,Good,PM2.5,false,Valid,1.71,15.39,26.86,18.2,31.15,450.21,9.81,1.69,53.03,0.35,4.32,24
2025-05-09,2025,5,Friday,6,Ho Chi Minh City,24,Good,PM2.5,false,Valid,1.58,12.45,23.4,15.23,29.47,407.5,8.97,1.64,38.45,0.62,4.27,24
2025-05-10,2025,5,Saturday,7,Ho Chi Minh City,30,Good,PM2.5,false,Valid,1.83,15.06,27.67,17.33,31.31,496.76,11.33,1.7,28.97,0.8,4.97,24
2025-05-11,2025,5,Sunday,1,Ho Chi Minh City,77,Moderate,PM2.5,false,Valid,2.79,38.41,87.05,42.79,92.91,1015.9,14.61,3.74,30.92,10.87,14.76,24
2025-05-12,2025,5,Monday,2,Ho Chi Minh City,53,Moderate,PM2.5,false,Valid,2.25,26.06,73.19,29.52,80.5,732.55,13.02,2.84,37.11,4.79,11.28,24
2025-05-13,2025,5,Tuesday,3,Ho Chi Minh City,88,Moderate,PM2.5,false,Valid,3.13,44.09,82.78,49.3,89.38,1084.59,14.02,3.26,43.17,9.69,10.0,24
2025-05-14,2025,5,Wednesday,4,Ho Chi Minh City,44,Good,PM2.5,false,Valid,2.13,22.41,60.95,26.33,66.75,694.5,11.2,2.21,46.17,3.62,5.81,24
2025-05-15,2025,5,Thursday,5,Ho Chi Minh City,28,Good,PM2.5,false,Valid,1.63,14.0,24.82,16.76,28.95,544.17,10.14,2.15,25.36,2.33,5.31,24
2025-05-16,2025,5,Friday,6,Ho Chi Minh City,32,Good,PM2.5,false,Valid,1.96,16.41,34.05,19.45,40.55,606.24,11.43,2.15,38.41,1.83,6.07,24
2025-05-17,2025,5,Saturday,7,Ho Chi Minh City,35,Good,PM2.5,false,Valid,1.96,17.88,45.56,21.0,51.59,630.66,11.7,1.94,47.15,1.7,5.52,24
2025-05-18,2025,5,Sunday,1,Ho Chi Minh City,26,Good,PM2.5,false,Valid,1.63,13.08,43.57,15.9,49.85,494.95,9.09,1.61,41.95,0.98,4.38,24
2025-05-19,2025,5,Monday,2,Ho Chi Minh City,56,Moderate,PM2.5,false,Valid,2.21,27.99,105.39,32.29,114.29,818.01,11.7,3.46,31.66,7.75,13.75,24
2025-05-20,2025,5,Tuesday,3,Ho Chi Minh City,78,Moderate,PM2.5,false,Valid,2.88,39.09,110.37,45.25,120.2,1055.73,15.81,3.84,35.78,9.84,12.98,24
2025-05-21,2025,5,Wednesday,4,Ho Chi Minh City,52,Moderate,PM2.5,false,Valid,2.5,25.65,58.81,28.82,66.94,770.33,13.55,2.22,55.66,1.85,5.81,24
2025-05-22,2025,5,Thursday,5,Ho Chi Minh City,60,Moderate,PM2.5,false,Valid,2.58,29.85,61.78,33.33,69.51,877.54,17.36,2.81,53.04,1.0,8.05,24
2025-05-23,2025,5,Friday,6,Ho Chi Minh City,47,Good,PM2.5,false,Valid,2.25,23.62,56.29,26.9,61.76,705.82,12.5,2.22,37.07,3.11,6.0,24
2025-05-24,2025,5,Saturday,7,Ho Chi Minh City,75,Moderate,PM2.5,false,Valid,2.71,37.27,101.5,41.1,108.62,956.06,12.91,2.58,24.94,8.65,8.36,24
2025-05-25,2025,5,Sunday,1,Ho Chi Minh City,95,Moderate,PM2.5,false,Valid,3.25,47.95,102.28,52.06,109.94,1074.05,14.88,3.1,36.26,9.81,9.64,24
2025-05-26,2025,5,Monday,2,Ho Chi Minh City,121,Poor,PM2.5,false,Valid,3.88,62.68,110.49,68.63,118.76,1138.58,19.7,4.0,41.51,5.47,13.54,24
2025-05-27,2025,5,Tuesday,3,Ho Chi Minh City,144,Poor,PM2.5,false,Valid,3.92,76.48,167.34,83.11,175.34,1598.66,23.01,6.4,44.17,15.95,25.85,24
2025-05-28,2025,5,Wednesday,4,Ho Chi Minh City,82,Moderate,PM2.5,false,Valid,2.88,40.89,161.52,45.24,169.95,1001.1,18.74,3.67,28.58,6.72,10.01,24
2025-05-29,2025,5,Thursday,5,Ho Chi Minh City,38,Good,PM2.5,false,Valid,2.13,19.04,36.25,21.52,40.1,552.25,11.43,1.86,27.12,1.12,4.89,24
2025-05-30,2025,5,Friday,6,Ho Chi Minh City,46,Good,PM2.5,false,Valid,2.21,23.21,33.54,26.47,35.84,560.48,10.85,1.96,58.31,0.55,4.81,24
2025-05-31,2025,5,Saturday,7,Ho Chi Minh City,58,Moderate,PM2.5,false,Valid,2.63,28.85,54.47,33.65,64.02,695.21,14.95,2.54,52.74,1.27,7.82,24
2025-06-01,2025,6,Sunday,1,Ho Chi Minh City,23,Good,PM2.5,false,Valid,1.67,11.72,20.62,15.0,27.56,331.07,6.28,1.27,48.93,0.21,2.34,24
2025-06-02,2025,6,Monday,2,Ho Chi Minh City,64,Moderate,PM2.5,false,Valid,2.71,31.97,54.73,35.73,61.25,750.17,14.6,2.15,70.51,0.23,3.33,24
2025-06-03,2025,6,Tuesday,3,Ho Chi Minh City,36,Good,PM2.5,false,Valid,2.21,18.15,36.22,19.77,39.19,507.82,10.4,1.64,46.36,0.65,2.58,24
2025-06-04,2025,6,Wednesday,4,Ho Chi Minh City,29,Good,PM2.5,false,Valid,1.75,14.98,24.17,17.24,28.82,444.92,10.42,1.75,45.03,0.78,2.74,24
2025-06-05,2025,6,Thursday,5,Ho Chi Minh City,23,Good,PM2.5,false,Valid,1.79,11.86,17.09,13.75,19.66,366.48,8.83,1.59,38.95,0.64,2.59,24
2025-06-06,2025,6,Friday,6,Ho Chi Minh City,19,Good,PM2.5,false,Valid,1.42,9.86,21.77,11.56,26.52,386.62,9.38,1.55,25.71,0.83,2.48,24
2025-06-07,2025,6,Saturday,7,Ho Chi Minh City,23,Good,PM2.5,false,Valid,1.67,11.51,14.66,12.85,15.93,392.69,9.07,1.39,39.31,0.88,2.33,24
2025-06-08,2025,6,Sunday,1,Ho Chi Minh City,26,Good,PM2.5,false,Valid,1.58,13.05,30.02,15.38,34.34,477.73,10.91,1.96,21.24,1.74,3.81,24
2025-06-09,2025,6,Monday,2,Ho Chi Minh City,16,Good,PM2.5,false,Valid,1.29,8.45,11.38,10.05,14.58,325.98,8.07,1.31,30.23,0.29,1.87,24
2025-06-10,2025,6,Tuesday,3,Ho Chi Minh City,23,Good,PM2.5,false,Valid,1.54,11.87,21.43,13.55,23.11,361.64,8.7,1.45,40.76,0.34,2.08,24
2025-06-11,2025,6,Wednesday,4,Ho Chi Minh City,22,Good,PM2.5,false,Valid,1.58,11.07,15.65,12.49,18.91,391.03,9.02,1.43,37.86,0.49,2.0,24
2025-06-12,2025,6,Thursday,5,Ho Chi Minh City,22,Good,PM2.5,false,Valid,1.54,11.07,15.73,12.92,19.35,361.03,7.92,1.36,37.93,0.46,1.95,24
2025-06-13,2025,6,Friday,6,Ho Chi Minh City,47,Good,PM2.5,false,Valid,2.21,23.53,54.01,29.21,65.09,632.56,13.91,2.21,53.94,0.7,3.53,24
2025-06-14,2025,6,Saturday,7,Ho Chi Minh City,41,Good,PM2.5,false,Valid,2.13,20.89,39.69,25.62,45.08,669.97,14.08,2.12,45.64,1.15,3.71,24
2025-06-15,2025,6,Sunday,1,Ho Chi Minh City,91,Moderate,PM2.5,false,Valid,3.04,45.44,98.12,51.06,107.42,1160.07,15.71,2.99,42.8,9.73,5.57,24
2025-06-16,2025,6,Monday,2,Ho Chi Minh City,151,Unhealthy,PM2.5,false,Valid,3.71,80.1,174.35,88.13,183.34,1837.68,20.03,7.04,30.91,25.97,15.07,24
2025-06-17,2025,6,Tuesday,3,Ho Chi Minh City,90,Moderate,PM2.5,false,Valid,3.21,44.91,125.69,49.42,131.33,1163.54,14.74,3.45,16.32,13.61,5.76,24
2025-06-18,2025,6,Wednesday,4,Ho Chi Minh City,86,Moderate,PM2.5,false,Valid,3.08,43.15,101.39,48.02,110.99,1126.35,13.57,4.11,28.34,14.25,8.3,24
2025-06-19,2025,6,Thursday,5,Ho Chi Minh City,48,Good,PM2.5,false,Valid,2.33,24.35,54.65,28.09,62.91,756.18,13.59,2.63,22.93,5.39,4.01,24
2025-06-20,2025,6,Friday,6,Ho Chi Minh City,27,Good,PM2.5,false,Valid,1.75,13.5,22.95,15.82,26.22,477.17,11.43,1.96,30.04,1.06,2.84,24
2025-06-21,2025,6,Saturday,7,Ho Chi Minh City,17,Good,PM2.5,false,Valid,1.17,8.59,10.57,9.65,12.44,356.86,8.61,1.26,31.76,0.27,2.01,24
2025-06-22,2025,6,Sunday,1,Ho Chi Minh City,20,Good,PM2.5,false,Valid,1.5,10.29,17.63,11.82,20.98,383.34,8.76,1.34,36.75,0.45,2.25,24
2025-06-23,2025,6,Monday,2,Ho Chi Minh City,27,Good,PM2.5,false,Valid,1.75,13.74,27.89,16.53,32.34,471.93,11.23,1.89,33.71,0.81,3.18,24
2025-06-24,2025,6,Tuesday,3,Ho Chi Minh City,28,Good,PM2.5,false,Valid,1.67,14.25,22.46,16.98,26.49,512.1,12.71,2.02,25.69,0.75,3.21,24
2025-06-25,2025,6,Wednesday,4,Ho Chi Minh City,48,Good,PM2.5,false,Valid,2.25,24.11,51.07,27.43,58.46,637.08,14.11,2.26,44.93,1.26,3.5,24
2025-06-26,2025,6,Thursday,5,Ho Chi Minh City,59,Moderate,PM2.5,false,Valid,2.5,29.46,61.08,33.0,69.11,754.84,15.22,2.26,50.49,0.96,3.58,24
2025-06-27,2025,6,Friday,6,Ho Chi Minh City,53,Moderate,PM2.5,false,Valid,2.58,26.15,52.93,29.65,61.62,681.91,14.22,2.17,57.37,0.39,3.26,24
2025-06-28,2025,6,Saturday,7,Ho Chi Minh City,47,Good,PM2.5,false,Valid,2.33,23.64,41.6,26.13,46.88,561.85,10.84,1.78,67.54,0.4,3.03,24
2025-06-29,2025,6,Sunday,1,Ho Chi Minh City,27,Good,PM2.5,false,Valid,1.71,13.89,21.29,15.37,23.62,433.69,9.16,1.41,51.53,0.38,2.38,24
2025-06-30,2025,6,Monday,2,Ho Chi Minh City,25,Good,PM2.5,false,Valid,1.71,12.73,18.53,15.78,23.81,435.8,9.86,1.88,37.23,0.67,2.91,24
2025-07-01,2025,7,Tuesday,3,Ho Chi Minh City,12,Good,PM2.5,false,Valid,1.08,6.17,13.96,7.78,17.35,266.27,5.91,1.13,31.15,0.3,3.02,24
2025-07-02,2025,7,Wednesday,4,Ho Chi Minh City,10,Good,PM2.5,false,Valid,1.0,5.2,6.59,6.91,9.12,258.57,5.89,1.21,21.31,0.24,3.29,24
2025-07-03,2025,7,Thursday,5,Ho Chi Minh City,13,Good,PM2.5,false,Valid,1.13,6.64,10.39,8.94,14.51,292.46,6.57,1.39,26.77,0.27,3.58,24
2025-07-04,2025,7,Friday,6,Ho Chi Minh City,12,Good,Ozone,false,Valid,1.0,4.94,7.3,6.86,10.36,216.49,4.45,1.03,40.4,0.28,3.3,24
2025-07-05,2025,7,Saturday,7,Ho Chi Minh City,11,Good,Ozone,false,Valid,1.0,4.78,6.27,6.37,8.86,201.01,4.1,0.88,38.28,0.19,3.11,24
2025-07-06,2025,7,Sunday,1,Ho Chi Minh City,10,Good,Ozone,false,Valid,1.0,4.69,8.61,5.98,10.94,209.3,4.4,0.84,33.75,0.1,2.85,24
2025-07-07,2025,7,Monday,2,Ho Chi Minh City,19,Good,PM2.5,false,Valid,1.54,9.81,14.9,11.48,17.99,314.61,5.03,1.01,56.58,0.07,2.84,24
2025-07-08,2025,7,Tuesday,3,Ho Chi Minh City,18,Good,PM2.5,false,Valid,1.46,9.38,11.54,11.52,15.36,313.86,5.35,1.1,54.03,0.11,3.14,24
2025-07-09,2025,7,Wednesday,4,Ho Chi Minh City,19,Good,PM2.5,false,Valid,1.46,9.5,14.97,11.92,16.94,289.5,5.43,1.17,59.41,0.23,3.45,24
2025-07-10,2025,7,Thursday,5,Ho Chi Minh City,15,Good,Ozone,false,Valid,1.08,5.39,10.89,7.24,13.45,183.03,3.46,0.87,48.67,0.2,2.66,24
2025-07-11,2025,7,Friday,6,Ho Chi Minh City,12,Good,Ozone,false,Valid,1.0,5.66,9.44,7.56,13.06,246.4,5.48,1.09,38.53,0.22,3.48,24
2025-07-12,2025,7,Saturday,7,Ho Chi Minh City,10,Good,Ozone,false,Valid,1.0,4.63,7.23,6.21,9.34,210.85,4.49,0.87,34.67,0.17,2.97,24
2025-07-13,2025,7,Sunday,1,Ho Chi Minh City,10,Good,PM2.5,false,Valid,1.0,5.32,7.5,7.03,10.55,225.75,4.98,0.95,31.99,0.18,3.09,24
2025-07-14,2025,7,Monday,2,Ho Chi Minh City,14,Good,PM2.5,false,Valid,1.0,7.07,9.73,9.04,12.8,258.04,5.42,1.09,38.24,0.12,3.27,24
2025-07-15,2025,7,Tuesday,3,Ho Chi Minh City,15,Good,PM2.5,false,Valid,1.33,7.76,12.95,9.73,16.05,283.35,4.88,0.98,48.44,0.08,2.92,24
2025-07-16,2025,7,Wednesday,4,Ho Chi Minh City,27,Good,PM2.5,false,Valid,1.67,13.7,27.04,16.08,31.37,390.27,6.92,1.23,53.07,0.12,4.03,24
2025-07-17,2025,7,Thursday,5,Ho Chi Minh City,24,Good,PM2.5,false,Valid,1.67,12.27,27.71,15.19,32.61,356.14,7.22,1.35,49.65,0.25,4.14,24
2025-07-18,2025,7,Friday,6,Ho Chi Minh City,21,Good,PM2.5,false,Valid,1.63,10.66,13.96,13.68,18.43,332.18,7.45,1.41,40.47,0.17,4.26,24
2025-07-19,2025,7,Saturday,7,Ho Chi Minh City,19,Good,PM2.5,false,Valid,1.54,9.76,15.34,11.74,16.98,263.9,4.6,0.89,48.92,0.09,3.25,24
2025-07-20,2025,7,Sunday,1,Ho Chi Minh City,24,Good,PM2.5,false,Valid,1.83,12.21,15.39,14.04,17.82,311.71,5.41,0.97,57.84,0.05,3.5,24
2025-07-21,2025,7,Monday,2,Ho Chi Minh City,15,Good,Ozone,false,Valid,1.0,6.7,9.64,9.44,13.49,218.9,3.46,0.83,49.41,0.04,2.91,24
2025-07-22,2025,7,Tuesday,3,Ho Chi Minh City,16,Good,Ozone,false,Valid,1.0,4.96,8.2,7.39,12.28,182.76,2.87,0.73,51.66,0.04,2.55,24
2025-07-23,2025,7,Wednesday,4,Ho Chi Minh City,15,Good,Ozone,false,Valid,1.0,6.2,9.6,10.36,17.36,215.93,4.48,0.99,50.88,0.05,3.41,24
2025-07-24,2025,7,Thursday,5,Ho Chi Minh City,14,Good,Ozone,false,Valid,1.0,5.63,8.79,9.21,13.76,223.8,5.03,1.13,47.09,0.1,3.75,24
2025-07-25,2025,7,Friday,6,Ho Chi Minh City,16,Good,Ozone,false,Valid,1.0,5.02,8.91,8.09,13.72,200.16,3.97,1.03,52.53,0.23,3.54,24
2025-07-26,2025,7,Saturday,7,Ho Chi Minh City,16,Good,Ozone,false,Valid,1.0,4.92,6.94,7.56,9.89,177.03,3.26,0.81,52.39,0.12,3.0,24
2025-07-27,2025,7,Sunday,1,Ho Chi Minh City,13,Good,Ozone,false,Valid,1.0,4.7,9.13,6.24,12.25,212.69,4.39,0.79,43.9,0.03,2.6,24
2025-07-28,2025,7,Monday,2,Ho Chi Minh City,13,Good,Ozone,false,Valid,1.0,5.74,9.5,8.97,15.54,208.16,4.26,0.93,44.18,0.04,2.8,24
2025-07-29,2025,7,Tuesday,3,Ho Chi Minh City,15,Good,Ozone,false,Valid,1.0,7.46,9.45,9.88,14.76,206.47,3.12,0.8,50.58,0.07,2.48,24
2025-07-30,2025,7,Wednesday,4,Ho Chi Minh City,16,Good,PM2.5,false,Valid,1.21,8.08,13.69,11.2,18.37,250.37,4.76,1.09,51.18,0.1,3.54,24
2025-07-31,2025,7,Thursday,5,Ho Chi Minh City,19,Good,Ozone,false,Valid,1.71,9.47,13.46,12.07,17.74,294.48,4.79,1.01,61.58,0.05,3.0,24
2025-08-01,2025,8,Friday,6,Ho Chi Minh City,17,Good,Ozone,false,Valid,1.0,6.21,9.7,8.91,13.04,244.01,3.32,0.85,55.04,0.02,11.64,24
2025-08-02,2025,8,Saturday,7,Ho Chi Minh City,15,Good,Ozone,false,Valid,1.0,5.99,8.36,10.64,16.14,220.76,3.13,0.77,49.34,0.02,14.25,24
2025-08-03,2025,8,Sunday,1,Ho Chi Minh City,14,Good,PM2.5,false,Valid,1.25,7.02,11.82,11.62,17.44,252.46,4.29,0.98,45.93,0.07,19.23,24
2025-08-04,2025,8,Monday,2,Ho Chi Minh City,19,Good,Ozone,false,Valid,1.38,8.87,11.67,11.59,17.16,243.65,3.16,0.97,62.27,0.12,13.51,24
2025-08-05,2025,8,Tuesday,3,Ho Chi Minh City,15,Good,PM2.5,false,Valid,1.38,7.89,13.08,12.16,20.64,267.36,4.08,1.05,50.71,0.09,17.73,24
2025-08-06,2025,8,Wednesday,4,Ho Chi Minh City,16,Good,PM2.5,false,Valid,1.38,8.41,15.43,11.67,21.63,288.24,4.78,1.17,40.32,0.06,19.1,24
2025-08-07,2025,8,Thursday,5,Ho Chi Minh City,39,Good,PM2.5,false,Valid,2.13,19.77,36.96,25.24,46.56,497.86,8.1,1.96,54.84,0.28,37.77,24
2025-08-08,2025,8,Friday,6,Ho Chi Minh City,32,Good,PM2.5,false,Valid,1.92,16.02,29.74,22.0,43.56,474.25,8.79,2.24,51.45,0.29,39.5,24
2025-08-09,2025,8,Saturday,7,Ho Chi Minh City,11,Good,PM2.5,false,Valid,1.04,5.69,10.73,8.09,14.97,236.83,3.99,0.94,36.01,0.09,16.05,24
2025-08-10,2025,8,Sunday,1,Ho Chi Minh City,9,Good,Ozone,false,Valid,1.0,2.99,6.26,4.38,9.16,174.9,2.97,0.69,30.97,0.1,10.86,24
2025-08-11,2025,8,Monday,2,Ho Chi Minh City,10,Good,Ozone,false,Valid,1.0,2.65,4.0,4.3,7.17,169.04,3.24,0.79,33.68,0.06,11.2,24
2025-08-12,2025,8,Tuesday,3,Ho Chi Minh City,13,Good,Ozone,false,Valid,1.0,4.75,8.21,6.99,13.1,212.88,3.99,0.93,42.31,0.1,12.54,24
2025-08-13,2025,8,Wednesday,4,Ho Chi Minh City,12,Good,Ozone,false,Valid,1.0,3.68,7.64,6.07,13.62,190.17,3.83,0.89,39.15,0.07,12.24,24
2025-08-14,2025,8,Thursday,5,Ho Chi Minh City,10,Good,Ozone,false,Valid,1.0,2.35,3.38,3.57,5.26,158.71,3.04,0.75,33.31,0.04,9.0,24
2025-08-15,2025,8,Friday,6,Ho Chi Minh City,9,Good,Ozone,false,Valid,1.0,2.15,3.1,3.07,4.76,153.41,2.86,0.67,29.08,0.1,8.13,24
2025-08-16,2025,8,Saturday,7,Ho Chi Minh City,8,Good,Ozone,false,Valid,1.0,2.3,3.37,3.48,5.82,156.47,2.7,0.59,26.66,0.1,8.98,24
2025-08-17,2025,8,Sunday,1,Ho Chi Minh City,10,Good,Ozone,false,Valid,1.0,3.57,6.71,5.54,10.92,198.13,3.51,0.78,32.55,0.07,12.55,24
2025-08-18,2025,8,Monday,2,Ho Chi Minh City,13,Good,PM2.5,false,Valid,1.08,6.73,10.14,10.02,14.34,255.53,4.3,1.1,43.0,0.14,16.02,24
2025-08-19,2025,8,Tuesday,3,Ho Chi Minh City,24,Good,PM2.5,false,Valid,1.71,12.17,19.46,17.35,29.13,379.81,5.78,1.47,61.75,0.25,24.78,24
2025-08-20,2025,8,Wednesday,4,Ho Chi Minh City,29,Good,PM2.5,false,Valid,1.71,14.71,24.19,20.51,36.19,449.43,7.43,1.85,55.92,0.3,33.12,24
2025-08-21,2025,8,Thursday,5,Ho Chi Minh City,24,Good,PM2.5,false,Valid,1.79,12.43,24.07,15.84,31.58,374.69,5.23,1.33,46.54,0.36,21.68,24
2025-08-22,2025,8,Friday,6,Ho Chi Minh City,19,Good,Ozone,false,Valid,1.58,8.79,13.52,11.92,19.61,326.49,4.5,1.08,62.88,0.12,16.13,24
2025-08-23,2025,8,Saturday,7,Ho Chi Minh City,12,Good,Ozone,false,Valid,1.0,4.69,8.9,6.91,14.6,218.26,3.69,0.9,41.14,0.14,15.8,24
2025-08-24,2025,8,Sunday,1,Ho Chi Minh City,9,Good,Ozone,false,Valid,1.0,1.62,2.61,2.97,5.36,135.14,2.15,0.54,29.16,0.04,8.77,24
2025-08-25,2025,8,Monday,2,Ho Chi Minh City,10,Good,Ozone,false,Valid,1.0,1.96,2.6,3.31,4.37,138.26,2.18,0.58,32.99,0.03,7.86,24
2025-08-26,2025,8,Tuesday,3,Ho Chi Minh City,15,Good,Ozone,false,Valid,1.0,6.1,9.23,8.42,13.4,220.3,3.18,0.83,50.36,0.08,12.29,24
2025-08-27,2025,8,Wednesday,4,Ho Chi Minh City,14,Good,Ozone,false,Valid,1.0,5.37,8.9,7.83,12.58,241.52,4.12,1.03,45.0,0.08,14.06,24
2025-08-28,2025,8,Thursday,5,Ho Chi Minh City,8,Good,Ozone,false,Valid,1.0,1.86,2.79,3.02,4.46,137.0,2.05,0.71,27.91,0.13,9.63,24
2025-08-29,2025,8,Friday,6,Ho Chi Minh City,6,Good,Ozone,false,Valid,1.0,1.78,3.12,3.52,7.19,127.29,2.18,0.7,21.25,0.05,9.6,24
2025-08-30,2025,8,Saturday,7,Ho Chi Minh City,8,Good,Ozone,false,Valid,1.0,1.75,2.62,2.78,4.71,157.75,2.04,0.51,26.41,0.06,8.43,24
2025-08-31,2025,8,Sunday,1,Ho Chi Minh City,7,Good,Ozone,false,Valid,1.0,2.02,2.86,3.14,4.92,154.79,2.51,0.6,25.4,0.08,9.33,24
2025-09-01,2025,9,Monday,2,Ho Chi Minh City,6,Good,Ozone,false,Valid,1.0,2.76,5.13,4.78,9.56,198.62,3.62,0.81,20.49,0.09,2.34,24
2025-09-02,2025,9,Tuesday,3,Ho Chi Minh City,8,Good,Ozone,false,Valid,1.0,3.26,5.82,5.8,11.27,205.28,3.4,0.9,27.93,0.09,1.87,24
2025-09-03,2025,9,Wednesday,4,Ho Chi Minh City,8,Good,Ozone,false,Valid,1.0,2.48,4.12,4.7,8.56,192.55,2.95,0.9,27.77,0.1,1.78,24
2025-09-04,2025,9,Thursday,5,Ho Chi Minh City,10,Good,Ozone,false,Valid,1.0,2.38,3.68,4.15,6.84,161.12,2.99,0.78,33.12,0.07,1.51,24
2025-09-05,2025,9,Friday,6,Ho Chi Minh City,12,Good,Ozone,false,Valid,1.0,3.52,5.37,5.89,9.59,183.47,3.59,0.87,38.77,0.07,1.78,24
2025-09-06,2025,9,Saturday,7,Ho Chi Minh City,9,Good,Ozone,false,Valid,1.0,1.93,3.25,3.49,6.4,134.57,2.04,0.54,31.41,0.05,1.34,24
2025-09-07,2025,9,Sunday,1,Ho Chi Minh City,14,Good,Ozone,false,Valid,1.0,4.39,5.79,6.21,8.94,197.18,2.35,0.57,45.74,0.05,1.45,24
2025-09-08,2025,9,Monday,2,Ho Chi Minh City,19,Good,Ozone,false,Valid,1.54,8.88,13.83,12.02,19.6,295.62,3.39,0.94,61.21,0.03,2.43,24
2025-09-09,2025,9,Tuesday,3,Ho Chi Minh City,16,Good,Ozone,false,Valid,1.38,7.94,17.91,12.89,27.04,351.78,4.56,1.19,54.1,0.05,3.45,24
2025-09-10,2025,9,Wednesday,4,Ho Chi Minh City,38,Good,PM2.5,false,Valid,2.04,19.13,33.68,26.7,43.2,586.92,8.89,2.6,53.97,0.53,7.4,24
2025-09-11,2025,9,Thursday,5,Ho Chi Minh City,47,Good,PM2.5,false,Valid,2.29,23.63,50.95,29.61,56.9,588.13,10.8,3.11,42.6,0.53,4.43,24
2025-09-12,2025,9,Friday,6,Ho Chi Minh City,51,Moderate,PM2.5,false,Valid,2.38,25.28,54.01,28.99,61.08,537.88,9.36,2.27,65.73,0.73,2.89,24
2025-09-13,2025,9,Saturday,7,Ho Chi Minh City,27,Good,PM2.5,false,Valid,1.58,13.64,22.65,17.61,29.23,465.92,6.54,1.53,49.21,0.1,4.81,24
2025-09-14,2025,9,Sunday,1,Ho Chi Minh City,21,Good,PM2.5,false,Valid,1.63,10.92,18.8,15.64,25.44,357.68,5.74,1.25,32.18,0.19,4.24,24
2025-09-15,2025,9,Monday,2,Ho Chi Minh City,25,Good,PM2.5,false,Valid,1.63,12.68,21.24,18.82,34.1,362.44,5.85,1.67,51.31,0.32,4.2,24
2025-09-16,2025,9,Tuesday,3,Ho Chi Minh City,18,Good,PM2.5,false,Valid,1.38,9.29,16.79,14.29,27.32,333.32,5.18,1.37,45.08,0.24,3.13,24
2025-09-17,2025,9,Wednesday,4,Ho Chi Minh City,11,Good,Ozone,false,Valid,1.0,4.97,8.57,7.45,13.78,222.73,3.68,1.0,36.52,0.08,1.99,24
2025-09-18,2025,9,Thursday,5,Ho Chi Minh City,9,Good,Ozone,false,Valid,1.0,1.71,3.15,2.81,4.97,132.99,2.19,0.69,31.15,0.08,1.13,24
2025-09-19,2025,9,Friday,6,Ho Chi Minh City,10,Good,Ozone,false,Valid,1.08,4.48,10.74,8.03,20.29,206.61,4.01,1.01,34.51,0.15,2.53,24
2025-09-20,2025,9,Saturday,7,Ho Chi Minh City,12,Good,Ozone,false,Valid,1.0,4.02,6.14,6.99,11.11,158.79,2.4,0.68,39.17,0.13,1.88,24
2025-09-21,2025,9,Sunday,1,Ho Chi Minh City,13,Good,Ozone,false,Valid,1.0,2.79,4.46,5.75,9.64,147.51,2.56,0.73,41.96,0.05,1.95,24
2025-09-22,2025,9,Monday,2,Ho Chi Minh City,13,Good,Ozone,false,Valid,1.0,3.48,6.63,7.2,14.29,169.17,3.5,1.18,43.89,0.06,2.54,24
2025-09-23,2025,9,Tuesday,3,Ho Chi Minh City,15,Good,Ozone,false,Valid,1.0,2.52,3.9,6.02,8.23,129.43,1.99,0.88,48.87,0.08,2.09,24
2025-09-24,2025,9,Wednesday,4,Ho Chi Minh City,13,Good,Ozone,false,Valid,1.0,2.1,3.11,3.86,6.69,127.04,2.13,0.74,41.64,0.05,1.58,24
2025-09-25,2025,9,Thursday,5,Ho Chi Minh City,11,Good,Ozone,false,Valid,1.0,2.0,3.11,3.69,7.06,132.02,2.4,0.68,36.23,0.04,1.41,24
2025-09-26,2025,9,Friday,6,Ho Chi Minh City,9,Good,Ozone,false,Valid,1.0,2.12,3.69,3.75,7.81,151.61,2.8,0.83,31.47,0.08,1.61,24
2025-09-27,2025,9,Saturday,7,Ho Chi Minh City,8,Good,Ozone,false,Valid,1.0,1.4,1.76,2.27,3.4,132.12,1.88,0.58,27.82,0.07,1.07,24
2025-09-28,2025,9,Sunday,1,Ho Chi Minh City,8,Good,Ozone,false,Valid,1.0,1.45,2.0,2.43,3.52,117.26,1.8,0.47,25.99,0.05,1.01,24
2025-09-29,2025,9,Monday,2,Ho Chi Minh City,14,Good,Ozone,false,Valid,1.0,4.84,8.05,6.58,11.35,232.07,2.64,0.67,47.54,0.04,1.65,24
2025-09-30,2025,9,Tuesday,3,Ho Chi Minh City,42,Good,PM2.5,false,Valid,2.08,21.22,44.67,28.16,50.45,619.5,11.32,3.32,49.21,0.17,11.72,24
2025-10-01,2025,10,Wednesday,4,Ho Chi Minh City,43,Good,PM2.5,false,Valid,1.96,21.56,46.81,26.77,53.02,562.33,9.23,2.55,46.5,0.37,3.68,24
2025-10-02,2025,10,Thursday,5,Ho Chi Minh City,55,Moderate,PM2.5,false,Valid,2.5,27.33,63.34,33.3,70.71,509.94,6.89,2.36,90.64,0.46,2.32,24
2025-10-03,2025,10,Friday,6,Ho Chi Minh City,15,Good,Ozone,false,Valid,1.21,7.43,32.39,10.48,41.36,300.36,4.02,1.09,50.56,0.08,1.28,24
2025-10-04,2025,10,Saturday,7,Ho Chi Minh City,16,Good,PM2.5,false,Valid,1.38,8.21,15.46,12.58,24.51,355.98,6.34,1.48,39.56,0.12,2.73,24
2025-10-05,2025,10,Sunday,1,Ho Chi Minh City,19,Good,PM2.5,false,Valid,1.42,9.54,13.39,12.83,17.9,282.37,3.14,0.84,58.86,0.08,1.23,24
2025-10-06,2025,10,Monday,2,Ho Chi Minh City,20,Good,Ozone,false,Valid,1.38,7.29,11.4,10.47,16.63,308.35,4.32,1.09,66.58,0.07,1.38,24
2025-10-07,2025,10,Tuesday,3,Ho Chi Minh City,13,Good,Ozone,false,Valid,1.13,6.43,10.94,10.03,18.66,269.22,4.86,1.17,43.56,0.19,1.45,24
2025-10-08,2025,10,Wednesday,4,Ho Chi Minh City,24,Good,PM2.5,false,Valid,1.54,12.13,30.18,15.99,35.3,382.28,8.84,2.12,30.45,0.29,1.97,24
2025-10-09,2025,10,Thursday,5,Ho Chi Minh City,74,Moderate,PM2.5,false,Valid,3.0,37.22,60.96,43.57,66.33,702.22,14.14,3.72,51.95,0.92,5.0,24
2025-10-10,2025,10,Friday,6,Ho Chi Minh City,67,Moderate,PM2.5,false,Valid,2.75,33.31,61.09,39.87,67.02,632.46,10.55,2.31,50.37,0.35,3.22,24
2025-10-11,2025,10,Saturday,7,Ho Chi Minh City,56,Moderate,PM2.5,false,Valid,2.58,27.72,54.84,32.64,62.12,502.32,5.93,1.39,57.44,0.41,2.09,24
2025-10-12,2025,10,Sunday,1,Ho Chi Minh City,30,Good,PM2.5,false,Valid,1.75,15.47,25.5,21.37,35.36,451.2,7.69,1.66,43.96,0.24,3.51,24
2025-10-13,2025,10,Monday,2,Ho Chi Minh City,31,Good,PM2.5,false,Valid,1.83,15.66,28.09,22.19,41.17,487.42,9.57,2.37,35.65,0.21,4.01,24
2025-10-14,2025,10,Tuesday,3,Ho Chi Minh City,28,Good,PM2.5,false,Valid,1.92,14.06,22.18,20.61,34.37,522.09,7.51,1.86,64.29,0.23,2.51,24
2025-10-15,2025,10,Wednesday,4,Ho Chi Minh City,20,Good,PM2.5,false,Valid,1.67,10.15,26.48,13.56,30.0,366.39,5.86,1.72,64.35,0.2,1.34,24
2025-10-16,2025,10,Thursday,5,Ho Chi Minh City,23,Good,PM2.5,false,Valid,1.5,11.92,39.46,14.24,44.93,297.48,5.24,1.89,64.28,0.09,0.87,24
2025-10-17,2025,10,Friday,6,Ho Chi Minh City,11,Good,Ozone,false,Valid,1.0,4.16,8.01,5.8,10.39,182.16,3.59,1.0,35.69,0.05,0.89,24
2025-10-18,2025,10,Saturday,7,Ho Chi Minh City,13,Good,Ozone,false,Valid,1.0,5.64,9.16,8.08,12.48,215.83,4.34,1.13,42.5,0.07,1.21,24
2025-10-19,2025,10,Sunday,1,Ho Chi Minh City,24,Good,PM2.5,false,Valid,1.5,12.29,27.2,18.01,36.15,391.9,8.22,1.83,36.56,0.25,2.11,24
2025-10-20,2025,10,Monday,2,Ho Chi Minh City,28,Good,PM2.5,false,Valid,1.75,14.49,23.47,18.52,30.61,420.25,9.14,2.78,41.24,0.43,1.58,24
2025-10-21,2025,10,Tuesday,3,Ho Chi Minh City,55,Moderate,PM2.5,false,Valid,2.5,27.27,46.43,33.39,52.17,626.5,13.31,4.1,60.73,0.28,2.49,24
2025-10-22,2025,10,Wednesday,4,Ho Chi Minh City,56,Moderate,PM2.5,false,Valid,2.63,27.63,48.54,32.18,54.27,674.36,13.32,2.99,58.94,0.12,2.83,24
2025-10-23,2025,10,Thursday,5,Ho Chi Minh City,32,Good,PM2.5,false,Valid,2.17,16.44,30.68,18.73,34.75,411.92,6.17,1.7,56.79,0.1,1.06,24
2025-10-24,2025,10,Friday,6,Ho Chi Minh City,23,Good,PM2.5,false,Valid,1.63,11.75,20.1,13.41,22.55,309.56,5.99,1.49,54.19,0.07,0.82,24
2025-10-25,2025,10,Saturday,7,Ho Chi Minh City,76,Moderate,PM2.5,false,Valid,3.08,38.23,50.69,43.76,58.15,875.45,17.25,2.98,28.01,0.53,3.25,24
2025-10-26,2025,10,Sunday,1,Ho Chi Minh City,112,Poor,PM2.5,false,Valid,3.83,57.13,90.35,65.05,107.18,767.04,11.77,3.12,78.47,0.22,3.01,24
2025-10-27,2025,10,Monday,2,Ho Chi Minh City,51,Moderate,PM2.5,false,Valid,2.42,25.02,46.07,30.31,53.7,564.12,10.6,4.01,66.89,0.25,3.19,24
2025-10-28,2025,10,Tuesday,3,Ho Chi Minh City,47,Good,PM2.5,false,Valid,2.42,23.88,32.24,26.98,37.13,550.17,8.71,2.22,55.23,0.18,1.49,24
2025-10-29,2025,10,Wednesday,4,Ho Chi Minh City,46,Good,PM2.5,false,Valid,2.5,23.35,38.91,27.12,42.29,646.36,11.5,2.17,42.03,0.29,1.61,24
2025-10-30,2025,10,Thursday,5,Ho Chi Minh City,31,Good,PM2.5,false,Valid,1.96,15.78,36.04,19.1,38.44,505.15,6.85,1.25,49.17,0.22,1.49,24
2025-10-31,2025,10,Friday,6,Ho Chi Minh City,26,Good,PM2.5,false,Valid,1.71,13.27,24.08,17.89,29.98,345.55,5.2,1.28,62.23,0.05,1.86,24
2025-11-01,2025,11,Saturday,7,Ho Chi Minh City,37,Good,PM2.5,false,Valid,2.08,18.71,31.71,23.53,36.88,450.14,6.49,1.65,60.99,0.17,3.13,24
2025-11-02,2025,11,Sunday,1,Ho Chi Minh City,25,Good,PM2.5,false,Valid,1.75,12.8,32.96,17.01,38.53,378.49,5.88,1.55,40.52,0.14,2.38,24
2025-11-03,2025,11,Monday,2,Ho Chi Minh City,8,Good,PM2.5,false,Valid,1.04,4.48,10.03,6.93,13.73,225.86,3.88,1.12,27.41,0.16,1.52,24
2025-11-04,2025,11,Tuesday,3,Ho Chi Minh City,40,Good,PM2.5,false,Valid,1.96,20.13,41.75,25.46,48.94,515.67,10.97,2.91,41.39,0.43,2.79,24
2025-11-05,2025,11,Wednesday,4,Ho Chi Minh City,54,Moderate,PM2.5,false,Valid,2.5,26.81,39.11,33.13,48.58,730.85,14.18,3.83,31.7,0.39,6.2,24
2025-11-06,2025,11,Thursday,5,Ho Chi Minh City,35,Good,PM2.5,false,Valid,1.92,17.74,43.36,20.67,50.86,522.8,5.42,1.65,51.12,0.15,1.54,24
2025-11-07,2025,11,Friday,6,Ho Chi Minh City,15,Good,Ozone,false,Valid,1.0,5.29,9.95,8.39,14.29,272.16,3.92,0.95,49.58,0.02,2.08,24
2025-11-08,2025,11,Saturday,7,Ho Chi Minh City,17,Good,Ozone,false,Valid,1.42,8.18,16.18,13.15,21.79,343.82,6.08,1.77,54.43,0.14,6.55,24
2025-11-09,2025,11,Sunday,1,Ho Chi Minh City,32,Good,PM2.5,false,Valid,1.88,16.18,38.0,22.42,45.04,485.28,8.83,2.49,46.7,0.44,7.25,24
2025-11-10,2025,11,Monday,2,Ho Chi Minh City,52,Moderate,PM2.5,false,Valid,2.54,25.8,42.5,33.23,50.54,607.39,10.22,2.89,42.46,0.5,7.64,24
2025-11-11,2025,11,Tuesday,3,Ho Chi Minh City,29,Good,PM2.5,false,Valid,1.79,14.98,41.76,20.34,49.6,423.81,5.94,1.7,45.91,0.2,4.32,24
2025-11-12,2025,11,Wednesday,4,Ho Chi Minh City,25,Good,PM2.5,false,Valid,1.63,12.52,24.54,16.34,29.25,322.75,4.56,1.33,49.11,0.04,2.57,24
2025-11-13,2025,11,Thursday,5,Ho Chi Minh City,72,Moderate,PM2.5,false,Valid,2.83,35.8,49.14,42.53,58.63,587.06,10.38,3.44,61.84,0.06,4.28,24
2025-11-14,2025,11,Friday,6,Ho Chi Minh City,80,Moderate,PM2.5,false,Valid,3.08,40.11,54.83,48.18,70.5,523.9,6.39,2.25,92.32,0.13,2.08,24
2025-11-15,2025,11,Saturday,7,Ho Chi Minh City,88,Moderate,PM2.5,false,Valid,3.33,44.27,78.43,54.58,94.07,489.82,5.18,2.44,117.2,0.24,2.73,24
2025-11-16,2025,11,Sunday,1,Ho Chi Minh City,40,Good,PM2.5,false,Valid,2.0,20.43,62.19,23.77,76.16,371.38,6.36,1.93,57.3,0.07,1.6,24
2025-11-17,2025,11,Monday,2,Ho Chi Minh City,13,Good,Ozone,false,Valid,1.0,5.8,8.38,7.39,10.25,206.96,4.47,1.43,43.88,0.17,0.92,24
2025-11-18,2025,11,Tuesday,3,Ho Chi Minh City,18,Good,Ozone,false,Valid,1.25,6.48,16.31,8.1,19.26,226.81,4.89,1.45,60.55,0.06,0.92,24
2025-11-19,2025,11,Wednesday,4,Ho Chi Minh City,21,Good,PM2.5,false,Valid,1.83,10.62,17.73,12.63,22.47,333.68,8.1,2.38,64.18,0.1,1.08,24
2025-11-20,2025,11,Thursday,5,Ho Chi Minh City,43,Good,PM2.5,false,Valid,2.42,21.92,31.92,26.19,39.29,443.88,10.16,3.71,61.24,0.06,1.76,24
2025-11-21,2025,11,Friday,6,Ho Chi Minh City,52,Moderate,PM2.5,false,Valid,2.54,25.66,35.26,30.54,44.12,409.92,7.99,3.39,82.68,0.13,1.93,24
2025-11-25,2025,11,Tuesday,3,Ho Chi Minh City,54,Moderate,PM2.5,false,Valid,2.88,26.54,29.21,36.98,44.5,421.94,7.07,3.4,95.74,0.21,2.06,24
2025-11-26,2025,11,Wednesday,4,Ho Chi Minh City,68,Moderate,PM2.5,false,Valid,2.92,34.1,45.73,43.48,59.04,396.9,7.35,4.59,114.49,0.23,3.12,24
2025-11-27,2025,11,Thursday,5,Ho Chi Minh City,59,Moderate,PM2.5,false,Valid,2.88,29.41,34.83,36.25,42.78,325.62,5.69,4.46,100.02,0.14,3.06,24
2025-11-28,2025,11,Friday,6,Ho Chi Minh City,96,Moderate,PM2.5,false,Valid,3.38,47.96,66.05,61.84,89.14,410.3,8.05,4.67,114.05,0.16,4.55,24
